{"stats":{"minecraft:mined":{"minecraft:white_bed":3,"minecraft:dandelion":1,"minecraft:short_grass":45,"minecraft:grass_block":3,"minecraft:tall_grass":15,"minecraft:cobblestone":4,"minecraft:hay_block":54,"minecraft:iron_ore":2,"minecraft:andesite":7,"minecraft:azure_bluet":1,"minecraft:oak_log":20,"minecraft:coal_ore":14,"minecraft:dirt_path":1,"minecraft:gravel":33,"minecraft:dirt":26,"minecraft:stone":57,"minecraft:oak_leaves":10},"minecraft:killed_by":{"minecraft:spider":1,"minecraft:iron_golem":1},"minecraft:custom":{"minecraft:interact_with_furnace":20,"minecraft:mob_kills":27,"minecraft:interact_with_crafting_table":15,"minecraft:leave_game":1,"minecraft:time_since_death":29235,"minecraft:sleep_in_bed":1,"minecraft:time_since_rest":29277,"minecraft:sprint_one_cm":118545,"minecraft:damage_taken":1463,"minecraft:walk_one_cm":42124,"minecraft:drop":4,"minecraft:damage_dealt":2828,"minecraft:swim_one_cm":29096,"minecraft:fly_one_cm":320509,"minecraft:open_chest":3,"minecraft:crouch_one_cm":2869,"minecraft:play_time":56356,"minecraft:deaths":3,"minecraft:sneak_time":977,"minecraft:walk_under_water_one_cm":7382,"minecraft:jump":1430,"minecraft:walk_on_water_one_cm":14237,"minecraft:total_world_time":56356,"minecraft:fall_one_cm":56171},"minecraft:used":{"minecraft:cooked_mutton":4,"minecraft:stone_pickaxe":71,"minecraft:oak_planks":5,"minecraft:wooden_pickaxe":16,"minecraft:stone_hoe":56,"minecraft:rotten_flesh":1,"minecraft:dirt":26,"minecraft:crafting_table":5,"minecraft:white_bed":3,"minecraft:wooden_axe":8,"minecraft:bread":2,"minecraft:gravel":27,"minecraft:stone_axe":39,"minecraft:cobblestone":14,"minecraft:hay_block":4,"minecraft:oak_sapling":1,"minecraft:furnace":1,"minecraft:cooked_beef":7},"minecraft:dropped":{"minecraft:stone_hoe":1,"minecraft:wheat_seeds":2,"minecraft:brown_wool":1},"minecraft:crafted":{"minecraft:cooked_beef":18,"minecraft:oak_planks":80,"minecraft:crafting_table":5,"minecraft:wooden_pickaxe":2,"minecraft:furnace":1,"minecraft:stone_axe":1,"minecraft:cooked_mutton":9,"minecraft:air":0,"minecraft:stick":16,"minecraft:stone_pickaxe":1,"minecraft:wooden_axe":2,"minecraft:white_bed":1,"minecraft:stone_hoe":1,"minecraft:wheat":432},"minecraft:picked_up":{"minecraft:cooked_beef":11,"minecraft:andesite":7,"minecraft:leather":12,"minecraft:brown_wool":2,"minecraft:flint":3,"minecraft:oak_log":20,"minecraft:dirt":32,"minecraft:bone":2,"minecraft:wheat_seeds":4,"minecraft:beef":34,"minecraft:stone_hoe":1,"minecraft:egg":2,"minecraft:raw_iron":2,"minecraft:dandelion":1,"minecraft:gravel":30,"minecraft:white_bed":3,"minecraft:arrow":4,"minecraft:rotten_flesh":2,"minecraft:hay_block":53,"minecraft:oak_sapling":1,"minecraft:black_wool":1,"minecraft:mutton":11,"minecraft:coal":12,"minecraft:cobblestone":61,"minecraft:white_wool":5},"minecraft:killed":{"minecraft:sheep":8,"minecraft:skeleton":1,"minecraft:cow":16}},"DataVersion":3953}