{"stats":{"minecraft:broken":{"minecraft:stone_axe":1},"minecraft:mined":{"minecraft:tuff":3,"minecraft:white_bed":7,"minecraft:deepslate_diamond_ore":12,"minecraft:oak_door":4,"minecraft:obsidian":4,"minecraft:granite":41,"minecraft:grass_block":8,"minecraft:moss_block":1,"minecraft:hay_block":55,"minecraft:furnace":1,"minecraft:iron_ore":34,"minecraft:andesite":13,"minecraft:azure_bluet":1,"minecraft:deepslate_iron_ore":7,"minecraft:dirt_path":2,"minecraft:rail":1,"minecraft:stone":140,"minecraft:basalt":9,"minecraft:dandelion":1,"minecraft:crafting_table":1,"minecraft:torch":2,"minecraft:short_grass":69,"minecraft:calcite":3,"minecraft:tall_grass":17,"minecraft:cobblestone":11,"minecraft:deepslate_gold_ore":11,"minecraft:oak_planks":2,"minecraft:diorite":1,"minecraft:wall_torch":1,"minecraft:amethyst_block":11,"minecraft:wheat":4,"minecraft:birch_leaves":1,"minecraft:oak_log":35,"minecraft:coal_ore":63,"minecraft:gravel":33,"minecraft:dirt":36,"minecraft:smooth_basalt":2,"minecraft:oak_leaves":19,"minecraft:deepslate":29},"minecraft:killed_by":{"minecraft:spider":1,"minecraft:iron_golem":1},"minecraft:custom":{"minecraft:mob_kills":81,"minecraft:interact_with_crafting_table":55,"minecraft:leave_game":4,"minecraft:time_since_death":162655,"minecraft:sprint_one_cm":398960,"minecraft:walk_one_cm":178450,"minecraft:damage_blocked_by_shield":1617,"minecraft:drop":20,"minecraft:play_time":189776,"minecraft:deaths":3,"minecraft:sneak_time":5743,"minecraft:walk_under_water_one_cm":45994,"minecraft:jump":3778,"minecraft:walk_on_water_one_cm":43423,"minecraft:total_world_time":189776,"minecraft:interact_with_furnace":65,"minecraft:sleep_in_bed":8,"minecraft:time_since_rest":3294,"minecraft:damage_taken":4051,"minecraft:damage_dealt":10200,"minecraft:swim_one_cm":256353,"minecraft:fly_one_cm":755813,"minecraft:open_chest":23,"minecraft:crouch_one_cm":15702,"minecraft:fall_one_cm":128519},"minecraft:used":{"minecraft:moss_block":3,"minecraft:flint_and_steel":1,"minecraft:polished_basalt":8,"minecraft:shield":61,"minecraft:iron_sword":49,"minecraft:cooked_chicken":2,"minecraft:stone_hoe":56,"minecraft:rotten_flesh":18,"minecraft:iron_chestplate":1,"minecraft:oak_door":11,"minecraft:torch":27,"minecraft:dirt":51,"minecraft:mutton":2,"minecraft:tuff":1,"minecraft:granite":41,"minecraft:wooden_axe":8,"minecraft:lava_bucket":10,"minecraft:iron_helmet":1,"minecraft:iron_boots":1,"minecraft:smooth_basalt":2,"minecraft:basalt":1,"minecraft:bow":7,"minecraft:hay_block":5,"minecraft:oak_sapling":1,"minecraft:furnace":5,"minecraft:cooked_beef":17,"minecraft:cobbled_deepslate":19,"minecraft:calcite":3,"minecraft:wheat_seeds":5,"minecraft:cooked_mutton":17,"minecraft:water_bucket":25,"minecraft:stone_pickaxe":108,"minecraft:oak_planks":12,"minecraft:wooden_pickaxe":33,"minecraft:salmon":1,"minecraft:crafting_table":12,"minecraft:white_bed":10,"minecraft:wooden_hoe":1,"minecraft:diamond_pickaxe":5,"minecraft:bread":8,"minecraft:iron_pickaxe":264,"minecraft:suspicious_stew":1,"minecraft:gravel":27,"minecraft:stone_axe":120,"minecraft:wooden_sword":2,"minecraft:cobblestone":73,"minecraft:andesite":6,"minecraft:bucket":35,"minecraft:bone_meal":12},"minecraft:crafted":{"minecraft:wooden_sword":1,"minecraft:oak_door":3,"minecraft:oak_planks":144,"minecraft:cooked_chicken":2,"minecraft:furnace":4,"minecraft:bone_meal":12,"minecraft:cooked_mutton":19,"minecraft:flint_and_steel":1,"minecraft:iron_boots":1,"minecraft:stone_pickaxe":3,"minecraft:polished_basalt":8,"minecraft:stone_hoe":1,"minecraft:wheat":441,"minecraft:cooked_beef":20,"minecraft:crafting_table":11,"minecraft:wooden_pickaxe":3,"minecraft:iron_helmet":1,"minecraft:iron_sword":1,"minecraft:bucket":1,"minecraft:stone_axe":3,"minecraft:bread":3,"minecraft:air":0,"minecraft:wooden_hoe":1,"minecraft:iron_chestplate":1,"minecraft:diamond_pickaxe":1,"minecraft:shield":1,"minecraft:stick":44,"minecraft:iron_ingot":28,"minecraft:iron_pickaxe":2,"minecraft:wooden_axe":2,"minecraft:white_bed":1,"minecraft:torch":24},"minecraft:dropped":{"minecraft:stone_hoe":1,"minecraft:wheat_seeds":2,"minecraft:feather":1,"minecraft:rail":1,"minecraft:diorite":1,"minecraft:brown_wool":1,"minecraft:wooden_sword":2,"minecraft:paper":12,"minecraft:tuff":2,"minecraft:cooked_mutton":2,"minecraft:spider_eye":1,"minecraft:wooden_pickaxe":3,"minecraft:stone_pickaxe":1,"minecraft:egg":1},"minecraft:picked_up":{"minecraft:crafting_table":1,"minecraft:wheat":4,"minecraft:chicken":2,"minecraft:wooden_pickaxe":2,"minecraft:amethyst_block":11,"minecraft:string":5,"minecraft:wooden_sword":1,"minecraft:cobbled_deepslate":31,"minecraft:beef":34,"minecraft:calcite":3,"minecraft:poppy":2,"minecraft:egg":2,"minecraft:furnace":1,"minecraft:raw_iron":39,"minecraft:oak_door":9,"minecraft:torch":6,"minecraft:diorite":1,"minecraft:rotten_flesh":21,"minecraft:arrow":10,"minecraft:hay_block":54,"minecraft:obsidian":4,"minecraft:mutton":23,"minecraft:cobblestone":145,"minecraft:rail":2,"minecraft:white_wool":13,"minecraft:basalt":9,"minecraft:feather":1,"minecraft:cooked_beef":11,"minecraft:salmon":2,"minecraft:andesite":13,"minecraft:brown_wool":2,"minecraft:leather":13,"minecraft:flint":3,"minecraft:tuff":3,"minecraft:oak_log":36,"minecraft:gunpowder":3,"minecraft:dirt":56,"minecraft:bone":7,"minecraft:bow":1,"minecraft:wheat_seeds":15,"minecraft:raw_gold":11,"minecraft:stone_pickaxe":1,"minecraft:iron_ingot":4,"minecraft:moss_block":1,"minecraft:oak_planks":2,"minecraft:stone_hoe":1,"minecraft:smooth_basalt":2,"minecraft:dandelion":1,"minecraft:gravel":30,"minecraft:white_bed":9,"minecraft:spider_eye":2,"minecraft:diamond":12,"minecraft:granite":41,"minecraft:oak_sapling":4,"minecraft:black_wool":1,"minecraft:coal":57},"minecraft:killed":{"minecraft:spider":5,"minecraft:skeleton":11,"minecraft:chicken":2,"minecraft:creeper":2,"minecraft:sheep":16,"minecraft:zombie":16,"minecraft:cow":16}},"DataVersion":3953}