{"stats":{"minecraft:picked_up":{"minecraft:andesite":7,"minecraft:brown_wool":2,"minecraft:leather":12,"minecraft:oak_log":20,"minecraft:dirt":12,"minecraft:bone":2,"minecraft:wheat_seeds":2,"minecraft:beef":34,"minecraft:stone_hoe":1,"minecraft:egg":1,"minecraft:raw_iron":2,"minecraft:dandelion":1,"minecraft:gravel":3,"minecraft:white_bed":2,"minecraft:arrow":1,"minecraft:hay_block":50,"minecraft:black_wool":1,"minecraft:mutton":11,"minecraft:coal":12,"minecraft:cobblestone":61,"minecraft:white_wool":5},"minecraft:crafted":{"minecraft:cooked_beef":18,"minecraft:oak_planks":80,"minecraft:crafting_table":5,"minecraft:wooden_pickaxe":2,"minecraft:furnace":1,"minecraft:stone_axe":1,"minecraft:cooked_mutton":2,"minecraft:air":0,"minecraft:stick":16,"minecraft:stone_pickaxe":1,"minecraft:wooden_axe":2,"minecraft:white_bed":1,"minecraft:stone_hoe":1,"minecraft:wheat":432},"minecraft:custom":{"minecraft:interact_with_furnace":15,"minecraft:mob_kills":27,"minecraft:interact_with_crafting_table":15,"minecraft:leave_game":1,"minecraft:time_since_death":1724,"minecraft:sleep_in_bed":1,"minecraft:time_since_rest":1766,"minecraft:sprint_one_cm":91932,"minecraft:damage_taken":1087,"minecraft:walk_one_cm":29974,"minecraft:drop":3,"minecraft:damage_dealt":2778,"minecraft:swim_one_cm":15140,"minecraft:fly_one_cm":231981,"minecraft:open_chest":3,"minecraft:crouch_one_cm":829,"minecraft:play_time":28845,"minecraft:deaths":3,"minecraft:sneak_time":306,"minecraft:walk_under_water_one_cm":1617,"minecraft:jump":990,"minecraft:walk_on_water_one_cm":5579,"minecraft:total_world_time":28845,"minecraft:fall_one_cm":36470},"minecraft:mined":{"minecraft:white_bed":2,"minecraft:dandelion":1,"minecraft:short_grass":19,"minecraft:grass_block":3,"minecraft:tall_grass":3,"minecraft:cobblestone":4,"minecraft:hay_block":51,"minecraft:iron_ore":2,"minecraft:andesite":7,"minecraft:azure_bluet":1,"minecraft:oak_log":20,"minecraft:coal_ore":14,"minecraft:gravel":3,"minecraft:dirt":10,"minecraft:stone":57,"minecraft:oak_leaves":2},"minecraft:killed":{"minecraft:sheep":8,"minecraft:skeleton":1,"minecraft:cow":16},"minecraft:used":{"minecraft:cooked_mutton":2,"minecraft:stone_pickaxe":71,"minecraft:oak_planks":5,"minecraft:wooden_pickaxe":16,"minecraft:stone_hoe":56,"minecraft:dirt":6,"minecraft:crafting_table":5,"minecraft:white_bed":3,"minecraft:wooden_axe":8,"minecraft:bread":2,"minecraft:stone_axe":39,"minecraft:cobblestone":14,"minecraft:hay_block":2,"minecraft:furnace":1,"minecraft:cooked_beef":4},"minecraft:dropped":{"minecraft:stone_hoe":1,"minecraft:wheat_seeds":1,"minecraft:brown_wool":1},"minecraft:killed_by":{"minecraft:spider":1,"minecraft:iron_golem":1}},"DataVersion":3953}