{"stats":{"minecraft:broken":{"minecraft:stone_axe":1},"minecraft:mined":{"minecraft:tuff":43,"minecraft:white_bed":7,"minecraft:mossy_cobblestone":32,"minecraft:deepslate_diamond_ore":12,"minecraft:oak_door":4,"minecraft:obsidian":4,"minecraft:granite":42,"minecraft:grass_block":8,"minecraft:moss_block":1,"minecraft:oak_wall_sign":6,"minecraft:hay_block":55,"minecraft:oak_trapdoor":8,"minecraft:furnace":1,"minecraft:iron_ore":40,"minecraft:andesite":13,"minecraft:azure_bluet":1,"minecraft:cobblestone_slab":1,"minecraft:oak_sign":1,"minecraft:deepslate_iron_ore":7,"minecraft:dirt_path":2,"minecraft:rail":1,"minecraft:stone":152,"minecraft:basalt":9,"minecraft:dandelion":1,"minecraft:crafting_table":2,"minecraft:torch":3,"minecraft:short_grass":70,"minecraft:calcite":3,"minecraft:chest":2,"minecraft:tall_grass":17,"minecraft:cobblestone":50,"minecraft:deepslate_gold_ore":11,"minecraft:oak_planks":2,"minecraft:wall_torch":5,"minecraft:diorite":3,"minecraft:amethyst_block":11,"minecraft:wheat":6,"minecraft:birch_leaves":1,"minecraft:oak_log":40,"minecraft:coal_ore":63,"minecraft:gravel":33,"minecraft:dirt":36,"minecraft:smooth_basalt":2,"minecraft:oak_leaves":21,"minecraft:deepslate":180},"minecraft:killed_by":{"minecraft:spider":1,"minecraft:iron_golem":1,"minecraft:skeleton":3},"minecraft:custom":{"minecraft:mob_kills":99,"minecraft:interact_with_crafting_table":68,"minecraft:bell_ring":1,"minecraft:leave_game":4,"minecraft:time_since_death":3301,"minecraft:sprint_one_cm":546953,"minecraft:walk_one_cm":275930,"minecraft:damage_blocked_by_shield":2502,"minecraft:drop":56,"minecraft:talked_to_villager":1,"minecraft:play_time":243781,"minecraft:sneak_time":8892,"minecraft:deaths":12,"minecraft:walk_under_water_one_cm":51727,"minecraft:jump":5232,"minecraft:walk_on_water_one_cm":63104,"minecraft:total_world_time":243781,"minecraft:interact_with_furnace":98,"minecraft:sleep_in_bed":9,"minecraft:time_since_rest":3331,"minecraft:damage_taken":7474,"minecraft:damage_dealt":12967,"minecraft:swim_one_cm":261906,"minecraft:fly_one_cm":992186,"minecraft:open_chest":35,"minecraft:crouch_one_cm":24447,"minecraft:fall_one_cm":205459},"minecraft:used":{"minecraft:oak_trapdoor":10,"minecraft:moss_block":3,"minecraft:flint_and_steel":1,"minecraft:oak_sign":12,"minecraft:polished_basalt":8,"minecraft:shield":75,"minecraft:iron_sword":76,"minecraft:cooked_chicken":2,"minecraft:rotten_flesh":23,"minecraft:stone_hoe":56,"minecraft:oak_door":11,"minecraft:iron_chestplate":2,"minecraft:torch":37,"minecraft:dirt":51,"minecraft:mutton":2,"minecraft:tuff":2,"minecraft:granite":41,"minecraft:wooden_axe":8,"minecraft:lava_bucket":10,"minecraft:iron_helmet":3,"minecraft:iron_boots":3,"minecraft:smooth_basalt":2,"minecraft:basalt":1,"minecraft:bow":7,"minecraft:hay_block":5,"minecraft:oak_sapling":1,"minecraft:furnace":5,"minecraft:cooked_beef":19,"minecraft:cobbled_deepslate":28,"minecraft:iron_leggings":2,"minecraft:calcite":3,"minecraft:wheat_seeds":6,"minecraft:cooked_mutton":18,"minecraft:water_bucket":42,"minecraft:stone_pickaxe":108,"minecraft:oak_planks":12,"minecraft:wooden_pickaxe":33,"minecraft:cobblestone_slab":4,"minecraft:white_wool":2,"minecraft:salmon":1,"minecraft:mossy_cobblestone":8,"minecraft:crafting_table":14,"minecraft:white_bed":10,"minecraft:wooden_hoe":1,"minecraft:diamond_pickaxe":289,"minecraft:bread":11,"minecraft:iron_pickaxe":264,"minecraft:suspicious_stew":1,"minecraft:gravel":27,"minecraft:stone_axe":164,"minecraft:wooden_sword":2,"minecraft:cobblestone":165,"minecraft:cooked_porkchop":8,"minecraft:andesite":6,"minecraft:bucket":53,"minecraft:bone_meal":15},"minecraft:crafted":{"minecraft:wooden_sword":1,"minecraft:oak_door":3,"minecraft:oak_planks":164,"minecraft:cobblestone_slab":6,"minecraft:oak_sign":3,"minecraft:cooked_chicken":2,"minecraft:furnace":4,"minecraft:bone_meal":15,"minecraft:cooked_mutton":20,"minecraft:flint_and_steel":1,"minecraft:oak_trapdoor":2,"minecraft:bow":1,"minecraft:iron_boots":1,"minecraft:stone_pickaxe":3,"minecraft:polished_basalt":8,"minecraft:stone_hoe":1,"minecraft:wheat":441,"minecraft:cooked_beef":22,"minecraft:cooked_porkchop":8,"minecraft:crafting_table":12,"minecraft:wooden_pickaxe":3,"minecraft:iron_helmet":1,"minecraft:iron_sword":1,"minecraft:bucket":1,"minecraft:stone_axe":3,"minecraft:bread":6,"minecraft:air":0,"minecraft:iron_chestplate":1,"minecraft:wooden_hoe":1,"minecraft:diamond_pickaxe":1,"minecraft:shield":1,"minecraft:stick":48,"minecraft:iron_ingot":34,"minecraft:iron_pickaxe":2,"minecraft:wooden_axe":2,"minecraft:iron_leggings":1,"minecraft:white_bed":1,"minecraft:torch":36},"minecraft:dropped":{"minecraft:stone_hoe":1,"minecraft:wheat_seeds":12,"minecraft:feather":1,"minecraft:amethyst_block":11,"minecraft:leather":2,"minecraft:rail":2,"minecraft:stick":11,"minecraft:diorite":5,"minecraft:wooden_hoe":1,"minecraft:brown_wool":1,"minecraft:wooden_sword":2,"minecraft:iron_pickaxe":1,"minecraft:paper":12,"minecraft:string":24,"minecraft:white_wool":6,"minecraft:redstone":8,"minecraft:oak_door":1,"minecraft:stone_axe":1,"minecraft:cobbled_deepslate":1,"minecraft:bowl":1,"minecraft:tuff":2,"minecraft:wheat":2,"minecraft:light_gray_wool":1,"minecraft:cooked_mutton":2,"minecraft:oak_sign":1,"minecraft:salmon":1,"minecraft:poppy":2,"minecraft:gunpowder":8,"minecraft:beetroot_seeds":2,"minecraft:oak_sapling":3,"minecraft:spider_eye":1,"minecraft:arrow":2,"minecraft:wooden_pickaxe":3,"minecraft:stone_pickaxe":1,"minecraft:egg":1},"minecraft:picked_up":{"minecraft:crafting_table":2,"minecraft:iron_chestplate":7,"minecraft:wheat":11,"minecraft:chicken":2,"minecraft:leather_leggings":3,"minecraft:wooden_pickaxe":2,"minecraft:enchanted_book":7,"minecraft:shield":5,"minecraft:amethyst_block":11,"minecraft:string":29,"minecraft:oak_trapdoor":8,"minecraft:wooden_sword":1,"minecraft:flint_and_steel":7,"minecraft:iron_leggings":7,"minecraft:oak_sign":10,"minecraft:cobbled_deepslate":636,"minecraft:bucket":1,"minecraft:beef":36,"minecraft:cobblestone_slab":7,"minecraft:calcite":3,"minecraft:light_gray_wool":1,"minecraft:poppy":2,"minecraft:iron_pickaxe":6,"minecraft:chest":8,"minecraft:furnace":1,"minecraft:iron_boots":7,"minecraft:egg":2,"minecraft:stick":11,"minecraft:raw_iron":45,"minecraft:oak_door":9,"minecraft:torch":45,"minecraft:bowl":1,"minecraft:porkchop":8,"minecraft:diorite":7,"minecraft:redstone":6,"minecraft:arrow":35,"minecraft:rotten_flesh":27,"minecraft:hay_block":54,"minecraft:saddle":2,"minecraft:obsidian":28,"minecraft:mutton":27,"minecraft:rail":2,"minecraft:white_wool":13,"minecraft:cobblestone":845,"minecraft:cooked_beef":11,"minecraft:feather":1,"minecraft:basalt":9,"minecraft:andesite":13,"minecraft:water_bucket":6,"minecraft:salmon":2,"minecraft:brown_wool":2,"minecraft:leather":14,"minecraft:flint":17,"minecraft:tuff":200,"minecraft:oak_log":41,"minecraft:gunpowder":3,"minecraft:dirt":56,"minecraft:name_tag":3,"minecraft:cooked_mutton":1,"minecraft:bone":34,"minecraft:bow":11,"minecraft:wheat_seeds":29,"minecraft:raw_gold":88,"minecraft:iron_ingot":5,"minecraft:stone_pickaxe":11,"minecraft:moss_block":1,"minecraft:stone_hoe":1,"minecraft:iron_sword":7,"minecraft:oak_planks":2,"minecraft:smooth_basalt":2,"minecraft:cooked_porkchop":14,"minecraft:dandelion":1,"minecraft:gravel":30,"minecraft:white_bed":9,"minecraft:spider_eye":9,"minecraft:mossy_cobblestone":104,"minecraft:diamond":12,"minecraft:stone_axe":8,"minecraft:iron_helmet":7,"minecraft:granite":41,"minecraft:golden_apple":7,"minecraft:oak_sapling":4,"minecraft:black_wool":1,"minecraft:coal":169,"minecraft:diamond_pickaxe":7},"minecraft:killed":{"minecraft:spider":5,"minecraft:skeleton":14,"minecraft:chicken":2,"minecraft:pig":5,"minecraft:creeper":2,"minecraft:sheep":17,"minecraft:zombie":23,"minecraft:cow":17}},"DataVersion":3953}