{"stats":{"minecraft:picked_up":{"minecraft:oak_log":8,"minecraft:black_wool":1,"minecraft:mutton":2},"minecraft:crafted":{"minecraft:oak_planks":32,"minecraft:crafting_table":1,"minecraft:stick":4,"minecraft:wooden_pickaxe":1,"minecraft:wooden_axe":1},"minecraft:custom":{"minecraft:time_since_rest":188,"minecraft:open_chest":1,"minecraft:deaths":1,"minecraft:crouch_one_cm":75,"minecraft:play_time":8610,"minecraft:sprint_one_cm":26158,"minecraft:damage_taken":382,"minecraft:walk_one_cm":9252,"minecraft:sneak_time":56,"minecraft:walk_under_water_one_cm":836,"minecraft:mob_kills":1,"minecraft:jump":336,"minecraft:damage_dealt":396,"minecraft:time_since_death":2131,"minecraft:walk_on_water_one_cm":2074,"minecraft:sleep_in_bed":1,"minecraft:total_world_time":8610,"minecraft:swim_one_cm":9963,"minecraft:interact_with_crafting_table":1,"minecraft:fall_one_cm":11351,"minecraft:fly_one_cm":82351},"minecraft:mined":{"minecraft:short_grass":4,"minecraft:oak_log":8,"minecraft:tall_grass":3,"minecraft:oak_leaves":2},"minecraft:used":{"minecraft:wooden_axe":3,"minecraft:crafting_table":1,"minecraft:bread":2,"minecraft:oak_planks":5},"minecraft:killed":{"minecraft:sheep":1},"minecraft:killed_by":{"minecraft:iron_golem":1}},"DataVersion":3953}