{"stats":{"minecraft:broken":{"minecraft:stone_axe":1},"minecraft:mined":{"minecraft:tuff":3,"minecraft:white_bed":7,"minecraft:deepslate_diamond_ore":12,"minecraft:oak_door":4,"minecraft:obsidian":4,"minecraft:granite":42,"minecraft:grass_block":8,"minecraft:moss_block":1,"minecraft:hay_block":55,"minecraft:furnace":1,"minecraft:iron_ore":40,"minecraft:andesite":13,"minecraft:azure_bluet":1,"minecraft:deepslate_iron_ore":7,"minecraft:dirt_path":2,"minecraft:rail":1,"minecraft:stone":152,"minecraft:basalt":9,"minecraft:dandelion":1,"minecraft:crafting_table":1,"minecraft:torch":2,"minecraft:short_grass":70,"minecraft:calcite":3,"minecraft:tall_grass":17,"minecraft:cobblestone":11,"minecraft:deepslate_gold_ore":11,"minecraft:oak_planks":2,"minecraft:diorite":1,"minecraft:wall_torch":1,"minecraft:amethyst_block":11,"minecraft:wheat":5,"minecraft:birch_leaves":1,"minecraft:oak_log":40,"minecraft:coal_ore":63,"minecraft:gravel":33,"minecraft:dirt":36,"minecraft:smooth_basalt":2,"minecraft:oak_leaves":21,"minecraft:deepslate":29},"minecraft:killed_by":{"minecraft:spider":1,"minecraft:iron_golem":1},"minecraft:custom":{"minecraft:mob_kills":89,"minecraft:interact_with_crafting_table":60,"minecraft:bell_ring":1,"minecraft:leave_game":4,"minecraft:time_since_death":174655,"minecraft:sprint_one_cm":441084,"minecraft:walk_one_cm":219466,"minecraft:damage_blocked_by_shield":1617,"minecraft:drop":26,"minecraft:talked_to_villager":1,"minecraft:play_time":201776,"minecraft:deaths":3,"minecraft:sneak_time":6001,"minecraft:walk_under_water_one_cm":46267,"minecraft:jump":4186,"minecraft:walk_on_water_one_cm":44190,"minecraft:total_world_time":201776,"minecraft:interact_with_furnace":87,"minecraft:sleep_in_bed":9,"minecraft:time_since_rest":1553,"minecraft:damage_taken":4184,"minecraft:damage_dealt":11080,"minecraft:swim_one_cm":256353,"minecraft:fly_one_cm":811201,"minecraft:open_chest":26,"minecraft:crouch_one_cm":16393,"minecraft:fall_one_cm":137354},"minecraft:used":{"minecraft:moss_block":3,"minecraft:flint_and_steel":1,"minecraft:polished_basalt":8,"minecraft:shield":61,"minecraft:iron_sword":49,"minecraft:cooked_chicken":2,"minecraft:stone_hoe":56,"minecraft:rotten_flesh":18,"minecraft:iron_chestplate":1,"minecraft:oak_door":11,"minecraft:torch":27,"minecraft:dirt":51,"minecraft:mutton":2,"minecraft:tuff":1,"minecraft:granite":41,"minecraft:wooden_axe":8,"minecraft:lava_bucket":10,"minecraft:iron_helmet":1,"minecraft:iron_boots":1,"minecraft:smooth_basalt":2,"minecraft:basalt":1,"minecraft:bow":7,"minecraft:hay_block":5,"minecraft:oak_sapling":1,"minecraft:furnace":5,"minecraft:cooked_beef":19,"minecraft:cobbled_deepslate":19,"minecraft:calcite":3,"minecraft:wheat_seeds":6,"minecraft:cooked_mutton":17,"minecraft:water_bucket":28,"minecraft:stone_pickaxe":108,"minecraft:oak_planks":12,"minecraft:wooden_pickaxe":33,"minecraft:white_wool":2,"minecraft:salmon":1,"minecraft:crafting_table":12,"minecraft:white_bed":10,"minecraft:wooden_hoe":1,"minecraft:diamond_pickaxe":24,"minecraft:bread":9,"minecraft:iron_pickaxe":264,"minecraft:suspicious_stew":1,"minecraft:gravel":27,"minecraft:stone_axe":138,"minecraft:wooden_sword":2,"minecraft:cobblestone":83,"minecraft:cooked_porkchop":2,"minecraft:andesite":6,"minecraft:bucket":39,"minecraft:bone_meal":15},"minecraft:crafted":{"minecraft:wooden_sword":1,"minecraft:oak_door":3,"minecraft:oak_planks":164,"minecraft:cooked_chicken":2,"minecraft:furnace":4,"minecraft:bone_meal":15,"minecraft:cooked_mutton":19,"minecraft:flint_and_steel":1,"minecraft:iron_boots":1,"minecraft:stone_pickaxe":3,"minecraft:polished_basalt":8,"minecraft:stone_hoe":1,"minecraft:wheat":441,"minecraft:cooked_beef":22,"minecraft:cooked_porkchop":8,"minecraft:crafting_table":11,"minecraft:wooden_pickaxe":3,"minecraft:iron_helmet":1,"minecraft:iron_sword":1,"minecraft:bucket":1,"minecraft:stone_axe":3,"minecraft:bread":4,"minecraft:air":0,"minecraft:wooden_hoe":1,"minecraft:iron_chestplate":1,"minecraft:diamond_pickaxe":1,"minecraft:shield":1,"minecraft:stick":44,"minecraft:iron_ingot":31,"minecraft:iron_pickaxe":2,"minecraft:wooden_axe":2,"minecraft:white_bed":1,"minecraft:torch":24},"minecraft:dropped":{"minecraft:stone_hoe":1,"minecraft:wheat_seeds":2,"minecraft:feather":1,"minecraft:rail":2,"minecraft:diorite":2,"minecraft:brown_wool":1,"minecraft:wooden_sword":2,"minecraft:paper":12,"minecraft:stone_axe":1,"minecraft:tuff":2,"minecraft:light_gray_wool":1,"minecraft:cooked_mutton":2,"minecraft:poppy":2,"minecraft:beetroot_seeds":2,"minecraft:spider_eye":1,"minecraft:wooden_pickaxe":3,"minecraft:stone_pickaxe":1,"minecraft:egg":1},"minecraft:picked_up":{"minecraft:crafting_table":1,"minecraft:wheat":5,"minecraft:chicken":2,"minecraft:wooden_pickaxe":2,"minecraft:amethyst_block":11,"minecraft:string":5,"minecraft:wooden_sword":1,"minecraft:cobbled_deepslate":31,"minecraft:beef":36,"minecraft:calcite":3,"minecraft:light_gray_wool":1,"minecraft:poppy":2,"minecraft:egg":2,"minecraft:furnace":1,"minecraft:stick":2,"minecraft:raw_iron":45,"minecraft:oak_door":9,"minecraft:torch":6,"minecraft:porkchop":8,"minecraft:diorite":2,"minecraft:rotten_flesh":21,"minecraft:arrow":10,"minecraft:hay_block":54,"minecraft:obsidian":4,"minecraft:mutton":24,"minecraft:cobblestone":155,"minecraft:rail":2,"minecraft:white_wool":13,"minecraft:basalt":9,"minecraft:feather":1,"minecraft:cooked_beef":11,"minecraft:salmon":2,"minecraft:andesite":13,"minecraft:brown_wool":2,"minecraft:leather":14,"minecraft:flint":3,"minecraft:tuff":3,"minecraft:oak_log":41,"minecraft:gunpowder":3,"minecraft:dirt":56,"minecraft:bone":8,"minecraft:bow":1,"minecraft:wheat_seeds":19,"minecraft:raw_gold":11,"minecraft:stone_pickaxe":1,"minecraft:iron_ingot":4,"minecraft:moss_block":1,"minecraft:oak_planks":2,"minecraft:stone_hoe":1,"minecraft:smooth_basalt":2,"minecraft:dandelion":1,"minecraft:gravel":30,"minecraft:white_bed":9,"minecraft:spider_eye":2,"minecraft:diamond":12,"minecraft:stone_axe":1,"minecraft:granite":41,"minecraft:oak_sapling":4,"minecraft:black_wool":1,"minecraft:coal":57},"minecraft:killed":{"minecraft:spider":5,"minecraft:skeleton":12,"minecraft:chicken":2,"minecraft:pig":5,"minecraft:creeper":2,"minecraft:sheep":17,"minecraft:zombie":16,"minecraft:cow":17}},"DataVersion":3953}