{"stats":{"minecraft:mined":{"minecraft:white_bed":7,"minecraft:oak_door":4,"minecraft:dandelion":1,"minecraft:crafting_table":1,"minecraft:torch":2,"minecraft:short_grass":68,"minecraft:grass_block":6,"minecraft:tall_grass":15,"minecraft:cobblestone":10,"minecraft:oak_planks":2,"minecraft:hay_block":55,"minecraft:furnace":1,"minecraft:iron_ore":23,"minecraft:andesite":7,"minecraft:birch_leaves":1,"minecraft:azure_bluet":1,"minecraft:oak_log":35,"minecraft:coal_ore":22,"minecraft:dirt_path":2,"minecraft:rail":1,"minecraft:gravel":33,"minecraft:dirt":28,"minecraft:stone":90,"minecraft:oak_leaves":18},"minecraft:killed_by":{"minecraft:spider":1,"minecraft:iron_golem":1},"minecraft:custom":{"minecraft:interact_with_furnace":31,"minecraft:mob_kills":46,"minecraft:interact_with_crafting_table":33,"minecraft:leave_game":3,"minecraft:time_since_death":114683,"minecraft:sleep_in_bed":7,"minecraft:time_since_rest":6278,"minecraft:sprint_one_cm":257272,"minecraft:damage_taken":2817,"minecraft:walk_one_cm":94518,"minecraft:damage_blocked_by_shield":140,"minecraft:drop":12,"minecraft:damage_dealt":5246,"minecraft:swim_one_cm":247826,"minecraft:fly_one_cm":587542,"minecraft:open_chest":4,"minecraft:crouch_one_cm":4480,"minecraft:play_time":141804,"minecraft:deaths":3,"minecraft:sneak_time":2251,"minecraft:walk_under_water_one_cm":34836,"minecraft:jump":2625,"minecraft:walk_on_water_one_cm":29086,"minecraft:total_world_time":141804,"minecraft:fall_one_cm":95133},"minecraft:used":{"minecraft:moss_block":1,"minecraft:cooked_mutton":7,"minecraft:stone_pickaxe":108,"minecraft:oak_planks":10,"minecraft:shield":6,"minecraft:wooden_pickaxe":33,"minecraft:iron_sword":8,"minecraft:cooked_chicken":2,"minecraft:stone_hoe":56,"minecraft:rotten_flesh":12,"minecraft:oak_door":11,"minecraft:salmon":1,"minecraft:torch":2,"minecraft:dirt":34,"minecraft:crafting_table":10,"minecraft:white_bed":10,"minecraft:wooden_axe":8,"minecraft:bread":5,"minecraft:iron_pickaxe":18,"minecraft:iron_helmet":1,"minecraft:iron_boots":1,"minecraft:gravel":27,"minecraft:wooden_sword":2,"minecraft:stone_axe":79,"minecraft:cobblestone":16,"minecraft:hay_block":5,"minecraft:furnace":4,"minecraft:oak_sapling":1,"minecraft:cooked_beef":15},"minecraft:dropped":{"minecraft:stone_hoe":1,"minecraft:wheat_seeds":2,"minecraft:cooked_mutton":2,"minecraft:brown_wool":1,"minecraft:spider_eye":1,"minecraft:wooden_sword":2,"minecraft:wooden_pickaxe":2,"minecraft:stone_pickaxe":1},"minecraft:crafted":{"minecraft:cooked_beef":18,"minecraft:wooden_sword":1,"minecraft:oak_door":3,"minecraft:oak_planks":144,"minecraft:crafting_table":9,"minecraft:cooked_chicken":2,"minecraft:wooden_pickaxe":3,"minecraft:iron_helmet":1,"minecraft:iron_sword":1,"minecraft:furnace":3,"minecraft:stone_axe":2,"minecraft:bread":3,"minecraft:cooked_mutton":9,"minecraft:air":0,"minecraft:iron_boots":1,"minecraft:shield":1,"minecraft:stick":32,"minecraft:iron_ingot":14,"minecraft:iron_pickaxe":1,"minecraft:stone_pickaxe":3,"minecraft:wooden_axe":2,"minecraft:white_bed":1,"minecraft:stone_hoe":1,"minecraft:wheat":441},"minecraft:picked_up":{"minecraft:crafting_table":1,"minecraft:feather":1,"minecraft:cooked_beef":11,"minecraft:chicken":2,"minecraft:salmon":2,"minecraft:andesite":7,"minecraft:brown_wool":2,"minecraft:leather":13,"minecraft:wooden_pickaxe":2,"minecraft:flint":3,"minecraft:oak_log":36,"minecraft:dirt":46,"minecraft:string":4,"minecraft:wooden_sword":1,"minecraft:bone":4,"minecraft:wheat_seeds":6,"minecraft:iron_ingot":4,"minecraft:stone_pickaxe":1,"minecraft:beef":34,"minecraft:poppy":2,"minecraft:oak_planks":2,"minecraft:stone_hoe":1,"minecraft:furnace":1,"minecraft:egg":2,"minecraft:raw_iron":23,"minecraft:oak_door":9,"minecraft:torch":3,"minecraft:dandelion":1,"minecraft:gravel":30,"minecraft:white_bed":9,"minecraft:spider_eye":2,"minecraft:rotten_flesh":14,"minecraft:arrow":4,"minecraft:hay_block":54,"minecraft:oak_sapling":4,"minecraft:rail":1,"minecraft:black_wool":1,"minecraft:mutton":13,"minecraft:coal":17,"minecraft:cobblestone":98,"minecraft:white_wool":7},"minecraft:killed":{"minecraft:spider":3,"minecraft:creeper":1,"minecraft:sheep":10,"minecraft:skeleton":1,"minecraft:zombie":5,"minecraft:chicken":2,"minecraft:cow":16}},"DataVersion":3953}