{"stats":{"minecraft:broken":{"minecraft:stone_axe":3,"minecraft:stone_hoe":1,"minecraft:shield":1,"minecraft:iron_helmet":1},"minecraft:mined":{"minecraft:white_bed":8,"minecraft:cobblestone_stairs":1,"minecraft:jungle_leaves":1,"minecraft:obsidian":4,"minecraft:granite":42,"minecraft:acacia_log":28,"minecraft:grass_block":40,"minecraft:yellow_carpet":1,"minecraft:composter":3,"minecraft:oak_wall_sign":6,"minecraft:oxeye_daisy":1,"minecraft:tall_seagrass":1,"minecraft:iron_ore":47,"minecraft:cobbled_deepslate":4,"minecraft:fire":6,"minecraft:fletching_table":10,"minecraft:azure_bluet":1,"minecraft:cave_vines":3,"minecraft:oak_sign":1,"minecraft:dirt_path":2,"minecraft:kelp_plant":5,"minecraft:torch":3,"minecraft:blast_furnace":5,"minecraft:calcite":3,"minecraft:melon":3,"minecraft:chest":3,"minecraft:glass":6,"minecraft:cobblestone":55,"minecraft:sugar_cane":7,"minecraft:oak_planks":4,"minecraft:wall_torch":7,"minecraft:amethyst_block":11,"minecraft:wheat":23,"minecraft:oak_log":336,"minecraft:sand":2,"minecraft:dirt":124,"minecraft:smooth_basalt":2,"minecraft:stonecutter":1,"minecraft:oak_leaves":78,"minecraft:deepslate":197,"minecraft:yellow_terracotta":1,"minecraft:tuff":57,"minecraft:mossy_cobblestone":32,"minecraft:deepslate_diamond_ore":18,"minecraft:oak_door":4,"minecraft:moss_block":1,"minecraft:cartography_table":1,"minecraft:hay_block":66,"minecraft:oak_trapdoor":8,"minecraft:furnace":2,"minecraft:acacia_wood":1,"minecraft:andesite":13,"minecraft:potatoes":10,"minecraft:deepslate_iron_ore":15,"minecraft:cobblestone_slab":1,"minecraft:vine":5,"minecraft:rail":1,"minecraft:stone":156,"minecraft:acacia_leaves":2,"minecraft:flowering_azalea":2,"minecraft:basalt":9,"minecraft:dandelion":3,"minecraft:oak_fence":1,"minecraft:crafting_table":2,"minecraft:short_grass":300,"minecraft:tall_grass":84,"minecraft:deepslate_gold_ore":31,"minecraft:diorite":4,"minecraft:birch_leaves":1,"minecraft:yellow_bed":5,"minecraft:coal_ore":81,"minecraft:gravel":92,"minecraft:acacia_door":1,"minecraft:fern":3},"minecraft:killed_by":{"minecraft:creeper":1,"minecraft:spider":1,"minecraft:iron_golem":1,"minecraft:skeleton":4},"minecraft:custom":{"minecraft:interact_with_crafting_table":104,"minecraft:open_barrel":3,"minecraft:bell_ring":8,"minecraft:leave_game":7,"minecraft:time_since_death":523,"minecraft:sprint_one_cm":1203102,"minecraft:damage_blocked_by_shield":5647,"minecraft:drop":163,"minecraft:talked_to_villager":69,"minecraft:play_time":506277,"minecraft:deaths":15,"minecraft:jump":12543,"minecraft:interact_with_brewingstand":2,"minecraft:walk_on_water_one_cm":94055,"minecraft:interact_with_furnace":145,"minecraft:traded_with_villager":81,"minecraft:interact_with_cartography_table":1,"minecraft:sleep_in_bed":20,"minecraft:damage_dealt":25115,"minecraft:crouch_one_cm":43749,"minecraft:interact_with_smoker":1,"minecraft:mob_kills":163,"minecraft:climb_one_cm":5052,"minecraft:walk_one_cm":671594,"minecraft:sneak_time":16490,"minecraft:walk_under_water_one_cm":66461,"minecraft:boat_one_cm":17569,"minecraft:interact_with_blast_furnace":5,"minecraft:total_world_time":506277,"minecraft:interact_with_stonecutter":2,"minecraft:time_since_rest":557,"minecraft:damage_taken":11591,"minecraft:swim_one_cm":373042,"minecraft:fly_one_cm":2681694,"minecraft:open_chest":98,"minecraft:fish_caught":1,"minecraft:fall_one_cm":441000},"minecraft:used":{"minecraft:moss_block":3,"minecraft:oak_sign":12,"minecraft:polished_basalt":8,"minecraft:chest":3,"minecraft:shield":136,"minecraft:stone":8,"minecraft:iron_sword":215,"minecraft:rotten_flesh":50,"minecraft:iron_chestplate":3,"minecraft:mutton":2,"minecraft:carrot":7,"minecraft:tuff":55,"minecraft:glass":13,"minecraft:lava_bucket":10,"minecraft:grass_block":1,"minecraft:iron_helmet":3,"minecraft:bow":22,"minecraft:hay_block":10,"minecraft:oak_sapling":5,"minecraft:furnace":7,"minecraft:egg":7,"minecraft:potato":30,"minecraft:stone_pickaxe":114,"minecraft:oak_planks":12,"minecraft:wooden_pickaxe":33,"minecraft:composter":2,"minecraft:sugar_cane":10,"minecraft:white_wool":2,"minecraft:blast_furnace":3,"minecraft:melon_slice":36,"minecraft:bread":83,"minecraft:gravel":79,"minecraft:diamond_sword":43,"minecraft:wooden_sword":2,"minecraft:andesite":6,"minecraft:oak_boat":1,"minecraft:bone_meal":78,"minecraft:oak_trapdoor":10,"minecraft:flint_and_steel":8,"minecraft:stone_shovel":25,"minecraft:cooked_chicken":2,"minecraft:stone_hoe":57,"minecraft:oak_door":11,"minecraft:torch":42,"minecraft:dirt":243,"minecraft:yellow_carpet":1,"minecraft:granite":41,"minecraft:wooden_axe":8,"minecraft:acacia_slab":2,"minecraft:iron_boots":5,"minecraft:smooth_basalt":2,"minecraft:basalt":1,"minecraft:cooked_beef":19,"minecraft:cobbled_deepslate":37,"minecraft:iron_leggings":3,"minecraft:calcite":3,"minecraft:wheat_seeds":18,"minecraft:cooked_mutton":20,"minecraft:acacia_boat":1,"minecraft:water_bucket":45,"minecraft:cobblestone_stairs":3,"minecraft:birch_planks":2,"minecraft:fletching_table":12,"minecraft:stonecutter":1,"minecraft:cobblestone_slab":7,"minecraft:salmon":1,"minecraft:mossy_cobblestone":8,"minecraft:crafting_table":19,"minecraft:white_bed":11,"minecraft:wooden_hoe":19,"minecraft:diamond_pickaxe":407,"minecraft:iron_pickaxe":264,"minecraft:suspicious_stew":1,"minecraft:stone_axe":622,"minecraft:fishing_rod":11,"minecraft:cobblestone":169,"minecraft:porkchop":4,"minecraft:cooked_porkchop":12,"minecraft:bucket":56,"minecraft:yellow_bed":4},"minecraft:dropped":{"minecraft:acacia_boat":2,"minecraft:acacia_wood":1,"minecraft:leather":3,"minecraft:rail":2,"minecraft:cod":1,"minecraft:flint":2,"minecraft:cobblestone_stairs":2,"minecraft:dirt":19,"minecraft:dispenser":1,"minecraft:mutton":1,"minecraft:wooden_sword":2,"minecraft:sand":54,"minecraft:iron_pickaxe":2,"minecraft:acacia_door":1,"minecraft:white_wool":7,"minecraft:oak_door":5,"minecraft:stone_axe":3,"minecraft:cobbled_deepslate":135,"minecraft:wheat":71,"minecraft:rotten_flesh":3,"minecraft:oak_planks":68,"minecraft:cooked_mutton":2,"minecraft:salmon":1,"minecraft:poppy":2,"minecraft:gunpowder":9,"minecraft:beetroot_seeds":2,"minecraft:acacia_slab":3,"minecraft:leather_leggings":1,"minecraft:arrow":2,"minecraft:egg":1,"minecraft:stone_hoe":1,"minecraft:iron_ingot":10,"minecraft:bread":12,"minecraft:oak_slab":6,"minecraft:wheat_seeds":54,"minecraft:mossy_cobblestone":24,"minecraft:oak_fence":1,"minecraft:feather":3,"minecraft:cobblestone":14,"minecraft:lead":2,"minecraft:amethyst_block":11,"minecraft:coal":9,"minecraft:stick":14,"minecraft:diorite":7,"minecraft:torch":3,"minecraft:wooden_hoe":1,"minecraft:brown_wool":1,"minecraft:iron_leggings":1,"minecraft:flowering_azalea":1,"minecraft:paper":12,"minecraft:string":33,"minecraft:acacia_planks":2,"minecraft:dandelion":2,"minecraft:redstone":8,"minecraft:furnace":1,"minecraft:kelp":2,"minecraft:bowl":1,"minecraft:tuff":2,"minecraft:composter":1,"minecraft:raw_iron":5,"minecraft:stone_shovel":1,"minecraft:light_gray_wool":1,"minecraft:stone_slab":5,"minecraft:oak_sign":1,"minecraft:filled_map":1,"minecraft:hay_block":1,"minecraft:iron_chestplate":2,"minecraft:oak_sapling":7,"minecraft:spider_eye":4,"minecraft:stone_pickaxe":4,"minecraft:wooden_pickaxe":3},"minecraft:crafted":{"minecraft:grindstone":1,"minecraft:oak_planks":1344,"minecraft:cobblestone_slab":6,"minecraft:oak_sign":3,"minecraft:cooked_chicken":2,"minecraft:stone":55,"minecraft:cooked_mutton":22,"minecraft:glass":18,"minecraft:iron_boots":1,"minecraft:bow":1,"minecraft:polished_basalt":8,"minecraft:stone_hoe":1,"minecraft:oak_slab":6,"minecraft:emerald":78,"minecraft:cooked_porkchop":12,"minecraft:crafting_table":16,"minecraft:acacia_slab":12,"minecraft:wooden_pickaxe":3,"minecraft:iron_helmet":1,"minecraft:fletching_table":2,"minecraft:birch_planks":16,"minecraft:dispenser":1,"minecraft:wooden_hoe":1,"minecraft:iron_chestplate":2,"minecraft:diamond_pickaxe":1,"minecraft:shield":2,"minecraft:stick":2529,"minecraft:stone_slab":6,"minecraft:iron_ingot":35,"minecraft:iron_pickaxe":2,"minecraft:gold_ingot":11,"minecraft:composter":1,"minecraft:wooden_sword":1,"minecraft:oak_door":3,"minecraft:furnace":6,"minecraft:bone_meal":66,"minecraft:oak_trapdoor":2,"minecraft:flint_and_steel":1,"minecraft:stone_pickaxe":3,"minecraft:wheat":486,"minecraft:cooked_beef":22,"minecraft:iron_sword":1,"minecraft:bucket":1,"minecraft:stone_axe":6,"minecraft:acacia_boat":1,"minecraft:bread":41,"minecraft:air":0,"minecraft:oak_boat":1,"minecraft:wooden_axe":2,"minecraft:iron_leggings":1,"minecraft:white_bed":2,"minecraft:acacia_planks":104,"minecraft:torch":36},"minecraft:picked_up":{"minecraft:iron_chestplate":10,"minecraft:wheat":22,"minecraft:lead":7,"minecraft:diamond_sword":1,"minecraft:enchanted_book":9,"minecraft:amethyst_block":11,"minecraft:string":41,"minecraft:iron_leggings":10,"minecraft:oak_sign":10,"minecraft:cobbled_deepslate":997,"minecraft:bucket":3,"minecraft:cobblestone_slab":16,"minecraft:calcite":3,"minecraft:iron_pickaxe":6,"minecraft:melon_slice":22,"minecraft:furnace":2,"minecraft:iron_boots":9,"minecraft:stick":30,"minecraft:composter":3,"minecraft:oak_fence":1,"minecraft:torch":54,"minecraft:acacia_log":26,"minecraft:porkchop":16,"minecraft:diorite":11,"minecraft:rotten_flesh":61,"minecraft:obsidian":32,"minecraft:cod":1,"minecraft:cobblestone":1000,"minecraft:feather":3,"minecraft:cooked_beef":11,"minecraft:water_bucket":6,"minecraft:andesite":13,"minecraft:brown_wool":2,"minecraft:potato":29,"minecraft:flint":25,"minecraft:tuff":292,"minecraft:acacia_boat":3,"minecraft:dirt":267,"minecraft:name_tag":3,"minecraft:bone":67,"minecraft:glass":4,"minecraft:acacia_planks":3,"minecraft:stonecutter":1,"minecraft:bow":14,"minecraft:wheat_seeds":86,"minecraft:raw_gold":108,"minecraft:fletching_table":10,"minecraft:moss_block":1,"minecraft:stone_hoe":2,"minecraft:oak_planks":44,"minecraft:cooked_porkchop":14,"minecraft:sand":74,"minecraft:grass_block":1,"minecraft:mossy_cobblestone":152,"minecraft:yellow_carpet":1,"minecraft:diamond":18,"minecraft:granite":41,"minecraft:bone_meal":12,"minecraft:golden_apple":9,"minecraft:oak_sapling":18,"minecraft:diamond_pickaxe":9,"minecraft:crafting_table":3,"minecraft:chicken":3,"minecraft:leather_leggings":3,"minecraft:wooden_pickaxe":2,"minecraft:shield":8,"minecraft:oak_trapdoor":8,"minecraft:wooden_sword":1,"minecraft:acacia_door":1,"minecraft:flint_and_steel":9,"minecraft:beef":36,"minecraft:light_gray_wool":1,"minecraft:poppy":2,"minecraft:sugar_cane":10,"minecraft:chest":9,"minecraft:egg":9,"minecraft:raw_iron":60,"minecraft:oak_door":13,"minecraft:bowl":1,"minecraft:carrot":7,"minecraft:redstone":6,"minecraft:stone_shovel":1,"minecraft:arrow":54,"minecraft:hay_block":65,"minecraft:saddle":2,"minecraft:mutton":32,"minecraft:white_wool":16,"minecraft:rail":2,"minecraft:basalt":9,"minecraft:salmon":2,"minecraft:leather":15,"minecraft:acacia_wood":1,"minecraft:filled_map":1,"minecraft:birch_planks":18,"minecraft:oak_log":336,"minecraft:yellow_bed":5,"minecraft:gunpowder":5,"minecraft:cobblestone_stairs":5,"minecraft:wooden_hoe":1,"minecraft:cooked_mutton":1,"minecraft:apple":6,"minecraft:kelp":2,"minecraft:stone_pickaxe":17,"minecraft:iron_ingot":20,"minecraft:flowering_azalea":1,"minecraft:iron_sword":9,"minecraft:smooth_basalt":2,"minecraft:dandelion":3,"minecraft:gravel":82,"minecraft:blast_furnace":5,"minecraft:white_bed":10,"minecraft:spider_eye":13,"minecraft:stone_axe":10,"minecraft:iron_helmet":9,"minecraft:black_wool":1,"minecraft:coal":211},"minecraft:killed":{"minecraft:spider":12,"minecraft:skeleton":27,"minecraft:chicken":3,"minecraft:pig":10,"minecraft:iron_golem":1,"minecraft:creeper":6,"minecraft:sheep":19,"minecraft:trader_llama":2,"minecraft:zombie":49,"minecraft:cow":17,"minecraft:drowned":1,"minecraft:wandering_trader":1,"minecraft:enderman":1}},"DataVersion":3953}