{"stats":{"minecraft:broken":{"minecraft:stone_axe":1},"minecraft:mined":{"minecraft:tuff":2,"minecraft:white_bed":7,"minecraft:deepslate_diamond_ore":12,"minecraft:oak_door":4,"minecraft:granite":40,"minecraft:grass_block":8,"minecraft:hay_block":55,"minecraft:furnace":1,"minecraft:iron_ore":26,"minecraft:andesite":13,"minecraft:azure_bluet":1,"minecraft:dirt_path":2,"minecraft:deepslate_iron_ore":4,"minecraft:rail":1,"minecraft:stone":136,"minecraft:basalt":9,"minecraft:dandelion":1,"minecraft:crafting_table":1,"minecraft:torch":2,"minecraft:short_grass":69,"minecraft:calcite":3,"minecraft:cobblestone":11,"minecraft:tall_grass":17,"minecraft:deepslate_gold_ore":11,"minecraft:oak_planks":2,"minecraft:wall_torch":1,"minecraft:amethyst_block":11,"minecraft:birch_leaves":1,"minecraft:coal_ore":32,"minecraft:oak_log":35,"minecraft:dirt":35,"minecraft:gravel":33,"minecraft:smooth_basalt":2,"minecraft:oak_leaves":19,"minecraft:deepslate":28},"minecraft:killed_by":{"minecraft:spider":1,"minecraft:iron_golem":1},"minecraft:custom":{"minecraft:mob_kills":78,"minecraft:interact_with_crafting_table":41,"minecraft:leave_game":3,"minecraft:time_since_death":150683,"minecraft:sprint_one_cm":362545,"minecraft:walk_one_cm":165592,"minecraft:damage_blocked_by_shield":1419,"minecraft:drop":18,"minecraft:play_time":177804,"minecraft:deaths":3,"minecraft:sneak_time":4713,"minecraft:walk_under_water_one_cm":45072,"minecraft:jump":3561,"minecraft:walk_on_water_one_cm":39844,"minecraft:total_world_time":177804,"minecraft:interact_with_furnace":54,"minecraft:sleep_in_bed":7,"minecraft:time_since_rest":42278,"minecraft:damage_taken":3803,"minecraft:damage_dealt":9650,"minecraft:fly_one_cm":737168,"minecraft:swim_one_cm":252016,"minecraft:open_chest":16,"minecraft:crouch_one_cm":12934,"minecraft:fall_one_cm":123249},"minecraft:used":{"minecraft:moss_block":1,"minecraft:flint_and_steel":1,"minecraft:polished_basalt":8,"minecraft:shield":54,"minecraft:iron_sword":46,"minecraft:rotten_flesh":16,"minecraft:stone_hoe":56,"minecraft:cooked_chicken":2,"minecraft:oak_door":11,"minecraft:torch":24,"minecraft:dirt":49,"minecraft:mutton":2,"minecraft:tuff":1,"minecraft:granite":36,"minecraft:wooden_axe":8,"minecraft:lava_bucket":10,"minecraft:iron_helmet":1,"minecraft:iron_boots":1,"minecraft:smooth_basalt":2,"minecraft:basalt":1,"minecraft:bow":7,"minecraft:hay_block":5,"minecraft:oak_sapling":1,"minecraft:furnace":5,"minecraft:cooked_beef":17,"minecraft:cobbled_deepslate":9,"minecraft:calcite":3,"minecraft:cooked_mutton":17,"minecraft:water_bucket":19,"minecraft:stone_pickaxe":108,"minecraft:oak_planks":10,"minecraft:wooden_pickaxe":33,"minecraft:salmon":1,"minecraft:crafting_table":12,"minecraft:white_bed":10,"minecraft:bread":7,"minecraft:suspicious_stew":1,"minecraft:iron_pickaxe":215,"minecraft:gravel":27,"minecraft:stone_axe":115,"minecraft:wooden_sword":2,"minecraft:cobblestone":73,"minecraft:bucket":30,"minecraft:andesite":6},"minecraft:crafted":{"minecraft:wooden_sword":1,"minecraft:oak_door":3,"minecraft:oak_planks":144,"minecraft:cooked_chicken":2,"minecraft:furnace":4,"minecraft:cooked_mutton":19,"minecraft:flint_and_steel":1,"minecraft:iron_boots":1,"minecraft:stone_pickaxe":3,"minecraft:polished_basalt":8,"minecraft:stone_hoe":1,"minecraft:wheat":441,"minecraft:cooked_beef":20,"minecraft:crafting_table":11,"minecraft:wooden_pickaxe":3,"minecraft:iron_helmet":1,"minecraft:iron_sword":1,"minecraft:bucket":1,"minecraft:stone_axe":2,"minecraft:bread":3,"minecraft:air":0,"minecraft:shield":1,"minecraft:stick":36,"minecraft:iron_ingot":18,"minecraft:iron_pickaxe":2,"minecraft:wooden_axe":2,"minecraft:white_bed":1,"minecraft:torch":24},"minecraft:dropped":{"minecraft:stone_hoe":1,"minecraft:wheat_seeds":2,"minecraft:feather":1,"minecraft:brown_wool":1,"minecraft:wooden_sword":2,"minecraft:paper":12,"minecraft:tuff":2,"minecraft:cooked_mutton":2,"minecraft:spider_eye":1,"minecraft:stone_pickaxe":1,"minecraft:wooden_pickaxe":3,"minecraft:egg":1},"minecraft:picked_up":{"minecraft:crafting_table":1,"minecraft:chicken":2,"minecraft:wooden_pickaxe":2,"minecraft:amethyst_block":11,"minecraft:string":5,"minecraft:wooden_sword":1,"minecraft:cobbled_deepslate":30,"minecraft:beef":34,"minecraft:calcite":3,"minecraft:poppy":2,"minecraft:egg":2,"minecraft:furnace":1,"minecraft:raw_iron":29,"minecraft:oak_door":9,"minecraft:torch":4,"minecraft:arrow":10,"minecraft:rotten_flesh":20,"minecraft:hay_block":54,"minecraft:mutton":23,"minecraft:white_wool":13,"minecraft:rail":1,"minecraft:cobblestone":145,"minecraft:cooked_beef":11,"minecraft:feather":1,"minecraft:basalt":9,"minecraft:andesite":13,"minecraft:salmon":2,"minecraft:leather":13,"minecraft:brown_wool":2,"minecraft:flint":3,"minecraft:tuff":3,"minecraft:oak_log":36,"minecraft:gunpowder":3,"minecraft:dirt":55,"minecraft:bone":7,"minecraft:bow":1,"minecraft:wheat_seeds":6,"minecraft:raw_gold":11,"minecraft:iron_ingot":4,"minecraft:stone_pickaxe":1,"minecraft:stone_hoe":1,"minecraft:oak_planks":2,"minecraft:smooth_basalt":2,"minecraft:dandelion":1,"minecraft:gravel":30,"minecraft:white_bed":9,"minecraft:spider_eye":2,"minecraft:diamond":12,"minecraft:granite":40,"minecraft:oak_sapling":4,"minecraft:black_wool":1,"minecraft:coal":27},"minecraft:killed":{"minecraft:spider":5,"minecraft:skeleton":10,"minecraft:chicken":2,"minecraft:creeper":2,"minecraft:sheep":16,"minecraft:zombie":14,"minecraft:cow":16}},"DataVersion":3953}