{"stats":{"minecraft:broken":{"minecraft:stone_axe":3,"minecraft:stone_hoe":1,"minecraft:shield":1,"minecraft:iron_helmet":1},"minecraft:mined":{"minecraft:white_bed":8,"minecraft:cobblestone_stairs":1,"minecraft:jungle_leaves":1,"minecraft:obsidian":4,"minecraft:cave_vines_plant":5,"minecraft:granite":47,"minecraft:acacia_log":28,"minecraft:grass_block":42,"minecraft:yellow_carpet":1,"minecraft:jungle_log":11,"minecraft:composter":3,"minecraft:oak_wall_sign":6,"minecraft:oxeye_daisy":1,"minecraft:tall_seagrass":1,"minecraft:iron_ore":88,"minecraft:cobbled_deepslate":7,"minecraft:fire":6,"minecraft:deepslate_lapis_ore":2,"minecraft:fletching_table":10,"minecraft:azure_bluet":1,"minecraft:cave_vines":20,"minecraft:oak_sign":1,"minecraft:dirt_path":2,"minecraft:deepslate_redstone_ore":1,"minecraft:kelp_plant":5,"minecraft:clay":1,"minecraft:torch":3,"minecraft:blast_furnace":5,"minecraft:calcite":3,"minecraft:melon":3,"minecraft:chest":3,"minecraft:glass":6,"minecraft:cobblestone":59,"minecraft:sugar_cane":7,"minecraft:oak_planks":13,"minecraft:wall_torch":8,"minecraft:amethyst_block":11,"minecraft:wheat":23,"minecraft:oak_log":344,"minecraft:sand":2,"minecraft:dirt":124,"minecraft:smooth_basalt":2,"minecraft:stonecutter":1,"minecraft:oak_leaves":79,"minecraft:deepslate":287,"minecraft:yellow_terracotta":1,"minecraft:diamond_ore":2,"minecraft:tuff":57,"minecraft:mossy_cobblestone":32,"minecraft:deepslate_diamond_ore":36,"minecraft:oak_door":4,"minecraft:moss_block":1,"minecraft:cartography_table":1,"minecraft:hay_block":66,"minecraft:oak_trapdoor":8,"minecraft:furnace":3,"minecraft:acacia_wood":1,"minecraft:andesite":13,"minecraft:potatoes":10,"minecraft:deepslate_iron_ore":48,"minecraft:cobblestone_slab":1,"minecraft:vine":9,"minecraft:rail":2,"minecraft:stone":303,"minecraft:acacia_leaves":2,"minecraft:flowering_azalea":2,"minecraft:basalt":9,"minecraft:dandelion":3,"minecraft:oak_fence":1,"minecraft:crafting_table":3,"minecraft:short_grass":324,"minecraft:tall_grass":87,"minecraft:deepslate_gold_ore":31,"minecraft:diorite":5,"minecraft:big_dripleaf":1,"minecraft:birch_leaves":1,"minecraft:yellow_bed":5,"minecraft:coal_ore":89,"minecraft:gravel":93,"minecraft:acacia_door":1,"minecraft:fern":6},"minecraft:killed_by":{"minecraft:creeper":2,"minecraft:zombie":4,"minecraft:player":3,"minecraft:spider":1,"minecraft:iron_golem":1,"minecraft:skeleton":9},"minecraft:custom":{"minecraft:interact_with_crafting_table":149,"minecraft:open_barrel":3,"minecraft:bell_ring":8,"minecraft:leave_game":7,"minecraft:time_since_death":15535,"minecraft:sprint_one_cm":1397762,"minecraft:damage_blocked_by_shield":5767,"minecraft:drop":167,"minecraft:talked_to_villager":69,"minecraft:play_time":566277,"minecraft:deaths":28,"minecraft:jump":14249,"minecraft:interact_with_brewingstand":2,"minecraft:walk_on_water_one_cm":102755,"minecraft:interact_with_furnace":187,"minecraft:traded_with_villager":81,"minecraft:interact_with_cartography_table":1,"minecraft:sleep_in_bed":20,"minecraft:damage_dealt":26222,"minecraft:player_kills":1,"minecraft:crouch_one_cm":57862,"minecraft:interact_with_smoker":1,"minecraft:mob_kills":169,"minecraft:climb_one_cm":6787,"minecraft:walk_one_cm":738495,"minecraft:sneak_time":23584,"minecraft:walk_under_water_one_cm":70867,"minecraft:boat_one_cm":17569,"minecraft:interact_with_blast_furnace":5,"minecraft:total_world_time":566277,"minecraft:interact_with_stonecutter":2,"minecraft:time_since_rest":15564,"minecraft:damage_taken":15538,"minecraft:swim_one_cm":377556,"minecraft:fly_one_cm":3060106,"minecraft:open_chest":108,"minecraft:fish_caught":1,"minecraft:fall_one_cm":527047},"minecraft:used":{"minecraft:moss_block":3,"minecraft:oak_sign":12,"minecraft:polished_basalt":8,"minecraft:chest":3,"minecraft:shield":138,"minecraft:stone":8,"minecraft:iron_sword":215,"minecraft:rotten_flesh":54,"minecraft:iron_chestplate":3,"minecraft:mutton":2,"minecraft:carrot":7,"minecraft:tuff":55,"minecraft:glass":13,"minecraft:lava_bucket":10,"minecraft:grass_block":1,"minecraft:iron_helmet":4,"minecraft:bow":22,"minecraft:hay_block":10,"minecraft:oak_sapling":5,"minecraft:furnace":11,"minecraft:egg":8,"minecraft:potato":30,"minecraft:diorite":1,"minecraft:diamond_boots":1,"minecraft:stone_pickaxe":231,"minecraft:oak_planks":12,"minecraft:wooden_pickaxe":58,"minecraft:composter":2,"minecraft:sugar_cane":10,"minecraft:glow_berries":23,"minecraft:white_wool":2,"minecraft:blast_furnace":3,"minecraft:melon_slice":36,"minecraft:bread":83,"minecraft:gravel":80,"minecraft:diamond_sword":43,"minecraft:wooden_sword":2,"minecraft:andesite":6,"minecraft:oak_boat":1,"minecraft:bone_meal":78,"minecraft:oak_trapdoor":10,"minecraft:stone_sword":22,"minecraft:flint_and_steel":8,"minecraft:stone_shovel":25,"minecraft:redstone":4,"minecraft:cooked_chicken":4,"minecraft:stone_hoe":57,"minecraft:oak_door":11,"minecraft:torch":44,"minecraft:dirt":245,"minecraft:yellow_carpet":1,"minecraft:granite":42,"minecraft:wooden_axe":15,"minecraft:iron_axe":1,"minecraft:acacia_slab":2,"minecraft:iron_boots":6,"minecraft:smooth_basalt":2,"minecraft:diamond_chestplate":1,"minecraft:basalt":1,"minecraft:cooked_beef":19,"minecraft:cobbled_deepslate":49,"minecraft:iron_leggings":4,"minecraft:calcite":3,"minecraft:wheat_seeds":18,"minecraft:cooked_mutton":20,"minecraft:acacia_boat":1,"minecraft:water_bucket":45,"minecraft:cobblestone_stairs":3,"minecraft:birch_planks":2,"minecraft:fletching_table":12,"minecraft:stonecutter":1,"minecraft:cobblestone_slab":7,"minecraft:salmon":1,"minecraft:mossy_cobblestone":8,"minecraft:crafting_table":26,"minecraft:white_bed":11,"minecraft:wooden_hoe":19,"minecraft:diamond_pickaxe":494,"minecraft:iron_pickaxe":398,"minecraft:suspicious_stew":1,"minecraft:stone_axe":622,"minecraft:fishing_rod":11,"minecraft:cobblestone":211,"minecraft:porkchop":4,"minecraft:cooked_porkchop":12,"minecraft:bucket":56,"minecraft:yellow_bed":4},"minecraft:dropped":{"minecraft:acacia_boat":2,"minecraft:acacia_wood":1,"minecraft:leather":3,"minecraft:rail":2,"minecraft:cod":1,"minecraft:flint":2,"minecraft:cobblestone_stairs":2,"minecraft:dirt":19,"minecraft:dispenser":1,"minecraft:mutton":1,"minecraft:wooden_sword":2,"minecraft:sand":54,"minecraft:iron_pickaxe":2,"minecraft:acacia_door":1,"minecraft:white_wool":7,"minecraft:oak_door":5,"minecraft:stone_axe":3,"minecraft:cobbled_deepslate":135,"minecraft:wheat":71,"minecraft:rotten_flesh":3,"minecraft:oak_planks":68,"minecraft:cooked_mutton":2,"minecraft:salmon":1,"minecraft:poppy":2,"minecraft:gunpowder":9,"minecraft:beetroot_seeds":2,"minecraft:acacia_slab":3,"minecraft:leather_leggings":1,"minecraft:arrow":2,"minecraft:egg":1,"minecraft:stone_hoe":1,"minecraft:iron_ingot":10,"minecraft:bread":12,"minecraft:oak_slab":6,"minecraft:wheat_seeds":57,"minecraft:mossy_cobblestone":24,"minecraft:oak_fence":1,"minecraft:feather":3,"minecraft:cobblestone":14,"minecraft:lead":2,"minecraft:amethyst_block":11,"minecraft:coal":9,"minecraft:stick":14,"minecraft:diorite":7,"minecraft:torch":3,"minecraft:wooden_hoe":1,"minecraft:brown_wool":1,"minecraft:iron_leggings":1,"minecraft:flowering_azalea":1,"minecraft:paper":12,"minecraft:string":33,"minecraft:acacia_planks":2,"minecraft:dandelion":2,"minecraft:redstone":8,"minecraft:furnace":2,"minecraft:kelp":2,"minecraft:bowl":1,"minecraft:tuff":2,"minecraft:composter":1,"minecraft:raw_iron":5,"minecraft:stone_shovel":1,"minecraft:light_gray_wool":1,"minecraft:stone_slab":5,"minecraft:oak_sign":1,"minecraft:filled_map":1,"minecraft:hay_block":1,"minecraft:iron_chestplate":2,"minecraft:oak_sapling":7,"minecraft:spider_eye":4,"minecraft:stone_pickaxe":4,"minecraft:wooden_pickaxe":3},"minecraft:crafted":{"minecraft:grindstone":1,"minecraft:oak_planks":1376,"minecraft:cobblestone_slab":6,"minecraft:oak_sign":3,"minecraft:cooked_chicken":4,"minecraft:stone":55,"minecraft:cooked_mutton":22,"minecraft:glass":18,"minecraft:iron_boots":2,"minecraft:bow":1,"minecraft:polished_basalt":8,"minecraft:stone_hoe":1,"minecraft:oak_slab":6,"minecraft:emerald":78,"minecraft:cooked_porkchop":12,"minecraft:crafting_table":23,"minecraft:acacia_slab":12,"minecraft:wooden_pickaxe":6,"minecraft:iron_helmet":2,"minecraft:fletching_table":2,"minecraft:birch_planks":16,"minecraft:dispenser":1,"minecraft:wooden_hoe":1,"minecraft:iron_chestplate":2,"minecraft:diamond_pickaxe":3,"minecraft:shield":4,"minecraft:stick":2557,"minecraft:stone_slab":6,"minecraft:iron_ingot":69,"minecraft:iron_pickaxe":4,"minecraft:stone_sword":1,"minecraft:gold_ingot":11,"minecraft:composter":1,"minecraft:wooden_sword":1,"minecraft:oak_door":3,"minecraft:furnace":10,"minecraft:bone_meal":66,"minecraft:oak_trapdoor":2,"minecraft:flint_and_steel":1,"minecraft:iron_axe":1,"minecraft:stone_pickaxe":6,"minecraft:diamond_boots":1,"minecraft:wheat":486,"minecraft:cooked_beef":22,"minecraft:iron_sword":2,"minecraft:bucket":1,"minecraft:stone_axe":6,"minecraft:acacia_boat":1,"minecraft:bread":41,"minecraft:air":0,"minecraft:jungle_planks":44,"minecraft:oak_boat":1,"minecraft:wooden_axe":3,"minecraft:iron_leggings":2,"minecraft:white_bed":2,"minecraft:acacia_planks":104,"minecraft:torch":36,"minecraft:diamond_chestplate":1},"minecraft:picked_up":{"minecraft:wooden_axe":1,"minecraft:iron_chestplate":10,"minecraft:wheat":22,"minecraft:lead":7,"minecraft:diamond_sword":1,"minecraft:enchanted_book":9,"minecraft:amethyst_block":11,"minecraft:string":41,"minecraft:iron_leggings":10,"minecraft:oak_sign":10,"minecraft:cobbled_deepslate":1091,"minecraft:bucket":3,"minecraft:cobblestone_slab":16,"minecraft:calcite":3,"minecraft:iron_pickaxe":7,"minecraft:melon_slice":22,"minecraft:furnace":3,"minecraft:iron_boots":9,"minecraft:stick":37,"minecraft:composter":3,"minecraft:big_dripleaf":2,"minecraft:oak_fence":1,"minecraft:torch":56,"minecraft:acacia_log":26,"minecraft:porkchop":16,"minecraft:diorite":12,"minecraft:stone_sword":1,"minecraft:rotten_flesh":65,"minecraft:tropical_fish":1,"minecraft:obsidian":32,"minecraft:cod":1,"minecraft:cobblestone":1175,"minecraft:feather":3,"minecraft:cooked_beef":11,"minecraft:jungle_log":11,"minecraft:water_bucket":6,"minecraft:andesite":13,"minecraft:brown_wool":2,"minecraft:potato":29,"minecraft:flint":25,"minecraft:tuff":292,"minecraft:acacia_boat":3,"minecraft:lapis_lazuli":16,"minecraft:dirt":269,"minecraft:name_tag":3,"minecraft:bone":68,"minecraft:glass":4,"minecraft:acacia_planks":3,"minecraft:stonecutter":1,"minecraft:bow":14,"minecraft:wheat_seeds":89,"minecraft:raw_gold":108,"minecraft:fletching_table":10,"minecraft:moss_block":1,"minecraft:stone_hoe":2,"minecraft:oak_planks":59,"minecraft:cooked_porkchop":14,"minecraft:sand":74,"minecraft:grass_block":1,"minecraft:mossy_cobblestone":152,"minecraft:yellow_carpet":1,"minecraft:diamond":38,"minecraft:granite":47,"minecraft:bone_meal":12,"minecraft:golden_apple":9,"minecraft:oak_sapling":18,"minecraft:diamond_pickaxe":9,"minecraft:crafting_table":4,"minecraft:chicken":3,"minecraft:clay_ball":4,"minecraft:leather_leggings":3,"minecraft:wooden_pickaxe":3,"minecraft:shield":9,"minecraft:oak_trapdoor":8,"minecraft:wooden_sword":1,"minecraft:acacia_door":1,"minecraft:flint_and_steel":9,"minecraft:beef":36,"minecraft:light_gray_wool":1,"minecraft:poppy":2,"minecraft:sugar_cane":10,"minecraft:chest":9,"minecraft:egg":11,"minecraft:raw_iron":141,"minecraft:oak_door":13,"minecraft:bowl":1,"minecraft:carrot":7,"minecraft:redstone":10,"minecraft:stone_shovel":1,"minecraft:arrow":56,"minecraft:hay_block":65,"minecraft:saddle":2,"minecraft:glow_berries":25,"minecraft:mutton":32,"minecraft:white_wool":16,"minecraft:rail":4,"minecraft:basalt":9,"minecraft:salmon":2,"minecraft:leather":15,"minecraft:acacia_wood":1,"minecraft:filled_map":1,"minecraft:birch_planks":18,"minecraft:oak_log":344,"minecraft:yellow_bed":5,"minecraft:gunpowder":6,"minecraft:cobblestone_stairs":5,"minecraft:wooden_hoe":1,"minecraft:cooked_mutton":1,"minecraft:apple":6,"minecraft:kelp":2,"minecraft:stone_pickaxe":19,"minecraft:iron_ingot":20,"minecraft:flowering_azalea":1,"minecraft:iron_sword":9,"minecraft:smooth_basalt":2,"minecraft:dandelion":3,"minecraft:gravel":83,"minecraft:blast_furnace":5,"minecraft:white_bed":10,"minecraft:spider_eye":13,"minecraft:stone_axe":10,"minecraft:iron_helmet":9,"minecraft:black_wool":1,"minecraft:coal":218},"minecraft:killed":{"minecraft:spider":12,"minecraft:skeleton":27,"minecraft:chicken":3,"minecraft:pig":10,"minecraft:iron_golem":1,"minecraft:creeper":7,"minecraft:sheep":19,"minecraft:trader_llama":2,"minecraft:zombie":53,"minecraft:cow":17,"minecraft:drowned":1,"minecraft:wandering_trader":1,"minecraft:enderman":1}},"DataVersion":3953}