{"stats":{"minecraft:mined":{"minecraft:white_bed":2,"minecraft:dandelion":1,"minecraft:short_grass":37,"minecraft:grass_block":3,"minecraft:tall_grass":12,"minecraft:cobblestone":4,"minecraft:hay_block":51,"minecraft:iron_ore":2,"minecraft:andesite":7,"minecraft:azure_bluet":1,"minecraft:oak_log":20,"minecraft:coal_ore":14,"minecraft:dirt_path":1,"minecraft:gravel":4,"minecraft:dirt":18,"minecraft:stone":57,"minecraft:oak_leaves":2},"minecraft:killed_by":{"minecraft:spider":1,"minecraft:iron_golem":1},"minecraft:custom":{"minecraft:interact_with_furnace":15,"minecraft:mob_kills":27,"minecraft:interact_with_crafting_table":15,"minecraft:leave_game":1,"minecraft:time_since_death":5235,"minecraft:sleep_in_bed":1,"minecraft:time_since_rest":5277,"minecraft:sprint_one_cm":101647,"minecraft:damage_taken":1257,"minecraft:walk_one_cm":32036,"minecraft:drop":4,"minecraft:damage_dealt":2778,"minecraft:swim_one_cm":18054,"minecraft:fly_one_cm":275872,"minecraft:open_chest":3,"minecraft:crouch_one_cm":1214,"minecraft:play_time":32356,"minecraft:deaths":3,"minecraft:sneak_time":471,"minecraft:walk_under_water_one_cm":3719,"minecraft:jump":1153,"minecraft:walk_on_water_one_cm":8450,"minecraft:total_world_time":32356,"minecraft:fall_one_cm":47151},"minecraft:used":{"minecraft:cooked_mutton":2,"minecraft:stone_pickaxe":71,"minecraft:oak_planks":5,"minecraft:wooden_pickaxe":16,"minecraft:stone_hoe":56,"minecraft:rotten_flesh":1,"minecraft:dirt":9,"minecraft:crafting_table":5,"minecraft:white_bed":3,"minecraft:wooden_axe":8,"minecraft:bread":2,"minecraft:stone_axe":39,"minecraft:cobblestone":14,"minecraft:hay_block":2,"minecraft:furnace":1,"minecraft:cooked_beef":5},"minecraft:dropped":{"minecraft:stone_hoe":1,"minecraft:wheat_seeds":2,"minecraft:brown_wool":1},"minecraft:crafted":{"minecraft:cooked_beef":18,"minecraft:oak_planks":80,"minecraft:crafting_table":5,"minecraft:wooden_pickaxe":2,"minecraft:furnace":1,"minecraft:stone_axe":1,"minecraft:cooked_mutton":2,"minecraft:air":0,"minecraft:stick":16,"minecraft:stone_pickaxe":1,"minecraft:wooden_axe":2,"minecraft:white_bed":1,"minecraft:stone_hoe":1,"minecraft:wheat":432},"minecraft:picked_up":{"minecraft:cooked_beef":11,"minecraft:andesite":7,"minecraft:leather":12,"minecraft:brown_wool":2,"minecraft:oak_log":20,"minecraft:dirt":24,"minecraft:bone":2,"minecraft:wheat_seeds":3,"minecraft:beef":34,"minecraft:stone_hoe":1,"minecraft:egg":2,"minecraft:raw_iron":2,"minecraft:dandelion":1,"minecraft:gravel":4,"minecraft:white_bed":2,"minecraft:arrow":4,"minecraft:rotten_flesh":1,"minecraft:hay_block":50,"minecraft:black_wool":1,"minecraft:mutton":11,"minecraft:coal":12,"minecraft:cobblestone":61,"minecraft:white_wool":5},"minecraft:killed":{"minecraft:sheep":8,"minecraft:skeleton":1,"minecraft:cow":16}},"DataVersion":3953}