{"stats":{"minecraft:picked_up":{"minecraft:leather":12,"minecraft:brown_wool":2,"minecraft:dandelion":1,"minecraft:gravel":3,"minecraft:oak_log":20,"minecraft:dirt":4,"minecraft:wheat_seeds":1,"minecraft:hay_block":50,"minecraft:beef":34,"minecraft:stone_hoe":1,"minecraft:black_wool":1,"minecraft:mutton":11,"minecraft:coal":12,"minecraft:white_wool":5,"minecraft:cobblestone":44},"minecraft:crafted":{"minecraft:cooked_beef":5,"minecraft:oak_planks":80,"minecraft:crafting_table":4,"minecraft:stick":16,"minecraft:wooden_pickaxe":2,"minecraft:stone_pickaxe":1,"minecraft:wooden_axe":2,"minecraft:furnace":1,"minecraft:stone_hoe":1,"minecraft:stone_axe":1,"minecraft:air":0,"minecraft:cooked_mutton":2},"minecraft:custom":{"minecraft:time_since_rest":12188,"minecraft:interact_with_furnace":13,"minecraft:sprint_one_cm":68975,"minecraft:damage_taken":462,"minecraft:walk_one_cm":25398,"minecraft:mob_kills":26,"minecraft:drop":2,"minecraft:damage_dealt":2578,"minecraft:interact_with_crafting_table":13,"minecraft:swim_one_cm":11474,"minecraft:fly_one_cm":160229,"minecraft:open_chest":3,"minecraft:crouch_one_cm":631,"minecraft:play_time":20610,"minecraft:deaths":1,"minecraft:sneak_time":189,"minecraft:walk_under_water_one_cm":1186,"minecraft:jump":682,"minecraft:walk_on_water_one_cm":3410,"minecraft:time_since_death":14131,"minecraft:sleep_in_bed":1,"minecraft:total_world_time":20610,"minecraft:fall_one_cm":20710},"minecraft:mined":{"minecraft:hay_block":51,"minecraft:dandelion":1,"minecraft:short_grass":13,"minecraft:grass_block":1,"minecraft:coal_ore":14,"minecraft:oak_log":20,"minecraft:gravel":3,"minecraft:dirt":3,"minecraft:tall_grass":3,"minecraft:stone":44,"minecraft:oak_leaves":2},"minecraft:used":{"minecraft:cooked_mutton":2,"minecraft:wooden_axe":8,"minecraft:bread":2,"minecraft:stone_pickaxe":47,"minecraft:oak_planks":5,"minecraft:wooden_pickaxe":14,"minecraft:stone_hoe":56,"minecraft:stone_axe":37,"minecraft:crafting_table":4,"minecraft:furnace":1,"minecraft:cooked_beef":2},"minecraft:killed":{"minecraft:sheep":8,"minecraft:cow":16},"minecraft:dropped":{"minecraft:stone_hoe":1,"minecraft:brown_wool":1},"minecraft:killed_by":{"minecraft:iron_golem":1}},"DataVersion":3953}