{"stats":{"minecraft:crafted":{"minecraft:wooden_sword":1,"minecraft:oak_door":3,"minecraft:oak_planks":444,"minecraft:cobblestone_slab":6,"minecraft:oak_sign":3,"minecraft:cooked_chicken":2,"minecraft:furnace":5,"minecraft:bone_meal":15,"minecraft:flint_and_steel":1,"minecraft:cooked_mutton":22,"minecraft:oak_trapdoor":2,"minecraft:bow":1,"minecraft:iron_boots":1,"minecraft:stone_pickaxe":3,"minecraft:polished_basalt":8,"minecraft:stone_hoe":1,"minecraft:wheat":441,"minecraft:cooked_beef":22,"minecraft:cooked_porkchop":12,"minecraft:crafting_table":14,"minecraft:wooden_pickaxe":3,"minecraft:iron_helmet":1,"minecraft:iron_sword":1,"minecraft:fletching_table":1,"minecraft:bucket":1,"minecraft:birch_planks":16,"minecraft:stone_axe":4,"minecraft:bread":12,"minecraft:air":0,"minecraft:oak_boat":1,"minecraft:iron_chestplate":1,"minecraft:wooden_hoe":1,"minecraft:diamond_pickaxe":1,"minecraft:shield":2,"minecraft:stick":566,"minecraft:iron_ingot":35,"minecraft:iron_pickaxe":2,"minecraft:wooden_axe":2,"minecraft:iron_leggings":1,"minecraft:gold_ingot":11,"minecraft:white_bed":1,"minecraft:torch":36},"minecraft:picked_up":{"minecraft:crafting_table":3,"minecraft:iron_chestplate":9,"minecraft:wheat":11,"minecraft:chicken":2,"minecraft:leather_leggings":3,"minecraft:wooden_pickaxe":2,"minecraft:enchanted_book":9,"minecraft:shield":8,"minecraft:amethyst_block":11,"minecraft:string":31,"minecraft:oak_trapdoor":8,"minecraft:wooden_sword":1,"minecraft:flint_and_steel":9,"minecraft:iron_leggings":9,"minecraft:oak_sign":10,"minecraft:cobbled_deepslate":984,"minecraft:bucket":3,"minecraft:beef":36,"minecraft:cobblestone_slab":16,"minecraft:calcite":3,"minecraft:poppy":2,"minecraft:iron_pickaxe":6,"minecraft:light_gray_wool":1,"minecraft:chest":9,"minecraft:furnace":2,"minecraft:iron_boots":9,"minecraft:egg":4,"minecraft:stick":13,"minecraft:raw_iron":46,"minecraft:oak_door":9,"minecraft:torch":54,"minecraft:bowl":1,"minecraft:porkchop":16,"minecraft:diorite":11,"minecraft:carrot":7,"minecraft:redstone":6,"minecraft:arrow":51,"minecraft:rotten_flesh":35,"minecraft:hay_block":54,"minecraft:saddle":2,"minecraft:cod":1,"minecraft:obsidian":32,"minecraft:mutton":32,"minecraft:rail":2,"minecraft:white_wool":16,"minecraft:cobblestone":975,"minecraft:cooked_beef":11,"minecraft:feather":1,"minecraft:basalt":9,"minecraft:andesite":13,"minecraft:water_bucket":6,"minecraft:salmon":2,"minecraft:brown_wool":2,"minecraft:leather":14,"minecraft:birch_planks":18,"minecraft:flint":23,"minecraft:tuff":281,"minecraft:oak_log":111,"minecraft:yellow_bed":2,"minecraft:gunpowder":5,"minecraft:cobblestone_stairs":1,"minecraft:dirt":82,"minecraft:name_tag":3,"minecraft:cooked_mutton":1,"minecraft:bone":63,"minecraft:apple":3,"minecraft:stonecutter":1,"minecraft:kelp":2,"minecraft:bow":13,"minecraft:wheat_seeds":41,"minecraft:raw_gold":88,"minecraft:iron_ingot":10,"minecraft:stone_pickaxe":16,"minecraft:fletching_table":7,"minecraft:moss_block":1,"minecraft:stone_hoe":1,"minecraft:iron_sword":9,"minecraft:oak_planks":42,"minecraft:smooth_basalt":2,"minecraft:cooked_porkchop":14,"minecraft:dandelion":1,"minecraft:gravel":60,"minecraft:blast_furnace":3,"minecraft:white_bed":9,"minecraft:spider_eye":12,"minecraft:mossy_cobblestone":152,"minecraft:diamond":12,"minecraft:stone_axe":10,"minecraft:iron_helmet":9,"minecraft:granite":41,"minecraft:golden_apple":9,"minecraft:oak_sapling":4,"minecraft:black_wool":1,"minecraft:coal":169,"minecraft:diamond_pickaxe":9},"minecraft:custom":{"minecraft:mob_kills":131,"minecraft:open_barrel":3,"minecraft:interact_with_crafting_table":78,"minecraft:bell_ring":3,"minecraft:leave_game":5,"minecraft:time_since_death":51446,"minecraft:sprint_one_cm":800609,"minecraft:walk_one_cm":403168,"minecraft:damage_blocked_by_shield":4537,"minecraft:drop":84,"minecraft:talked_to_villager":13,"minecraft:play_time":316967,"minecraft:sneak_time":11805,"minecraft:deaths":14,"minecraft:walk_under_water_one_cm":64134,"minecraft:boat_one_cm":17404,"minecraft:jump":7569,"minecraft:interact_with_blast_furnace":4,"minecraft:walk_on_water_one_cm":81992,"minecraft:total_world_time":316967,"minecraft:interact_with_furnace":127,"minecraft:interact_with_cartography_table":1,"minecraft:sleep_in_bed":10,"minecraft:time_since_rest":51484,"minecraft:damage_taken":8801,"minecraft:damage_dealt":18869,"minecraft:swim_one_cm":340515,"minecraft:fly_one_cm":1501776,"minecraft:open_chest":53,"minecraft:crouch_one_cm":29771,"minecraft:interact_with_smoker":1,"minecraft:fish_caught":1,"minecraft:fall_one_cm":275054},"minecraft:broken":{"minecraft:shield":1,"minecraft:stone_axe":1},"minecraft:mined":{"minecraft:tuff":46,"minecraft:white_bed":7,"minecraft:mossy_cobblestone":32,"minecraft:deepslate_diamond_ore":12,"minecraft:oak_door":4,"minecraft:cobblestone_stairs":1,"minecraft:obsidian":4,"minecraft:granite":42,"minecraft:grass_block":11,"minecraft:moss_block":1,"minecraft:oxeye_daisy":1,"minecraft:oak_wall_sign":6,"minecraft:hay_block":55,"minecraft:tall_seagrass":1,"minecraft:oak_trapdoor":8,"minecraft:furnace":2,"minecraft:iron_ore":40,"minecraft:andesite":13,"minecraft:fletching_table":7,"minecraft:azure_bluet":1,"minecraft:cobblestone_slab":1,"minecraft:deepslate_iron_ore":8,"minecraft:oak_sign":1,"minecraft:dirt_path":2,"minecraft:rail":1,"minecraft:stone":154,"minecraft:kelp_plant":5,"minecraft:basalt":9,"minecraft:dandelion":1,"minecraft:crafting_table":2,"minecraft:torch":3,"minecraft:blast_furnace":3,"minecraft:short_grass":118,"minecraft:calcite":3,"minecraft:chest":3,"minecraft:tall_grass":43,"minecraft:cobblestone":50,"minecraft:deepslate_gold_ore":11,"minecraft:oak_planks":2,"minecraft:wall_torch":7,"minecraft:diorite":4,"minecraft:amethyst_block":11,"minecraft:wheat":7,"minecraft:birch_leaves":1,"minecraft:yellow_bed":2,"minecraft:oak_log":110,"minecraft:coal_ore":63,"minecraft:gravel":68,"minecraft:dirt":42,"minecraft:smooth_basalt":2,"minecraft:stonecutter":1,"minecraft:oak_leaves":32,"minecraft:deepslate":185},"minecraft:killed":{"minecraft:spider":9,"minecraft:skeleton":22,"minecraft:chicken":2,"minecraft:pig":10,"minecraft:iron_golem":1,"minecraft:creeper":5,"minecraft:sheep":19,"minecraft:zombie":32,"minecraft:cow":17},"minecraft:used":{"minecraft:oak_trapdoor":10,"minecraft:moss_block":3,"minecraft:flint_and_steel":1,"minecraft:oak_sign":12,"minecraft:polished_basalt":8,"minecraft:chest":3,"minecraft:shield":110,"minecraft:iron_sword":161,"minecraft:oak_door":11,"minecraft:cooked_chicken":2,"minecraft:rotten_flesh":31,"minecraft:stone_hoe":56,"minecraft:iron_chestplate":3,"minecraft:torch":42,"minecraft:dirt":58,"minecraft:mutton":2,"minecraft:carrot":7,"minecraft:tuff":34,"minecraft:granite":41,"minecraft:wooden_axe":8,"minecraft:lava_bucket":10,"minecraft:iron_helmet":3,"minecraft:iron_boots":5,"minecraft:smooth_basalt":2,"minecraft:basalt":1,"minecraft:bow":13,"minecraft:hay_block":5,"minecraft:oak_sapling":1,"minecraft:furnace":6,"minecraft:egg":2,"minecraft:cooked_beef":19,"minecraft:cobbled_deepslate":28,"minecraft:iron_leggings":3,"minecraft:calcite":3,"minecraft:wheat_seeds":6,"minecraft:cooked_mutton":20,"minecraft:water_bucket":45,"minecraft:cobblestone_stairs":1,"minecraft:birch_planks":2,"minecraft:stone_pickaxe":108,"minecraft:oak_planks":12,"minecraft:wooden_pickaxe":33,"minecraft:stonecutter":1,"minecraft:fletching_table":8,"minecraft:cobblestone_slab":7,"minecraft:white_wool":2,"minecraft:salmon":1,"minecraft:mossy_cobblestone":8,"minecraft:crafting_table":17,"minecraft:blast_furnace":2,"minecraft:white_bed":10,"minecraft:wooden_hoe":1,"minecraft:diamond_pickaxe":310,"minecraft:bread":19,"minecraft:iron_pickaxe":264,"minecraft:suspicious_stew":1,"minecraft:gravel":57,"minecraft:stone_axe":296,"minecraft:fishing_rod":5,"minecraft:wooden_sword":2,"minecraft:cobblestone":167,"minecraft:porkchop":4,"minecraft:cooked_porkchop":12,"minecraft:andesite":6,"minecraft:bucket":56,"minecraft:yellow_bed":1,"minecraft:oak_boat":1,"minecraft:bone_meal":15},"minecraft:dropped":{"minecraft:stone_hoe":1,"minecraft:wheat_seeds":21,"minecraft:mossy_cobblestone":24,"minecraft:feather":1,"minecraft:cobblestone":10,"minecraft:amethyst_block":11,"minecraft:leather":2,"minecraft:rail":2,"minecraft:cod":1,"minecraft:flint":2,"minecraft:stick":13,"minecraft:dirt":19,"minecraft:diorite":7,"minecraft:torch":3,"minecraft:wooden_hoe":1,"minecraft:mutton":1,"minecraft:brown_wool":1,"minecraft:wooden_sword":2,"minecraft:iron_pickaxe":2,"minecraft:paper":12,"minecraft:string":26,"minecraft:white_wool":7,"minecraft:redstone":8,"minecraft:oak_door":1,"minecraft:furnace":1,"minecraft:stone_axe":3,"minecraft:cobbled_deepslate":71,"minecraft:bowl":1,"minecraft:tuff":2,"minecraft:wheat":2,"minecraft:light_gray_wool":1,"minecraft:cooked_mutton":2,"minecraft:oak_sign":1,"minecraft:salmon":1,"minecraft:poppy":2,"minecraft:gunpowder":9,"minecraft:beetroot_seeds":2,"minecraft:oak_sapling":3,"minecraft:leather_leggings":1,"minecraft:spider_eye":2,"minecraft:arrow":2,"minecraft:wooden_pickaxe":3,"minecraft:stone_pickaxe":3,"minecraft:egg":1},"minecraft:killed_by":{"minecraft:creeper":1,"minecraft:spider":1,"minecraft:iron_golem":1,"minecraft:skeleton":3}},"DataVersion":3953}