{"stats":{"minecraft:broken":{"minecraft:stone_axe":3,"minecraft:shield":1},"minecraft:mined":{"minecraft:white_bed":7,"minecraft:cobblestone_stairs":1,"minecraft:jungle_leaves":1,"minecraft:obsidian":4,"minecraft:granite":42,"minecraft:acacia_log":28,"minecraft:grass_block":12,"minecraft:composter":3,"minecraft:oak_wall_sign":6,"minecraft:oxeye_daisy":1,"minecraft:tall_seagrass":1,"minecraft:iron_ore":45,"minecraft:fletching_table":9,"minecraft:azure_bluet":1,"minecraft:oak_sign":1,"minecraft:dirt_path":2,"minecraft:kelp_plant":5,"minecraft:torch":3,"minecraft:blast_furnace":5,"minecraft:calcite":3,"minecraft:melon":3,"minecraft:chest":3,"minecraft:cobblestone":52,"minecraft:oak_planks":2,"minecraft:wall_torch":7,"minecraft:amethyst_block":11,"minecraft:wheat":9,"minecraft:oak_log":271,"minecraft:dirt":45,"minecraft:smooth_basalt":2,"minecraft:stonecutter":1,"minecraft:oak_leaves":67,"minecraft:deepslate":185,"minecraft:yellow_terracotta":1,"minecraft:tuff":57,"minecraft:mossy_cobblestone":32,"minecraft:deepslate_diamond_ore":12,"minecraft:oak_door":4,"minecraft:cartography_table":1,"minecraft:moss_block":1,"minecraft:hay_block":66,"minecraft:oak_trapdoor":8,"minecraft:furnace":2,"minecraft:acacia_wood":1,"minecraft:andesite":13,"minecraft:cobblestone_slab":1,"minecraft:deepslate_iron_ore":8,"minecraft:rail":1,"minecraft:stone":156,"minecraft:acacia_leaves":2,"minecraft:basalt":9,"minecraft:dandelion":2,"minecraft:crafting_table":2,"minecraft:oak_fence":1,"minecraft:short_grass":265,"minecraft:tall_grass":80,"minecraft:deepslate_gold_ore":11,"minecraft:diorite":4,"minecraft:birch_leaves":1,"minecraft:yellow_bed":2,"minecraft:coal_ore":81,"minecraft:gravel":92,"minecraft:acacia_door":1,"minecraft:fern":1},"minecraft:killed_by":{"minecraft:creeper":1,"minecraft:spider":1,"minecraft:iron_golem":1,"minecraft:skeleton":3},"minecraft:custom":{"minecraft:interact_with_crafting_table":96,"minecraft:open_barrel":3,"minecraft:bell_ring":5,"minecraft:leave_game":6,"minecraft:time_since_death":142258,"minecraft:sprint_one_cm":1051547,"minecraft:damage_blocked_by_shield":4567,"minecraft:drop":128,"minecraft:talked_to_villager":58,"minecraft:play_time":407779,"minecraft:deaths":14,"minecraft:jump":10362,"minecraft:interact_with_brewingstand":1,"minecraft:walk_on_water_one_cm":89177,"minecraft:interact_with_furnace":138,"minecraft:traded_with_villager":63,"minecraft:interact_with_cartography_table":1,"minecraft:sleep_in_bed":16,"minecraft:damage_dealt":20207,"minecraft:crouch_one_cm":37502,"minecraft:interact_with_smoker":1,"minecraft:mob_kills":139,"minecraft:climb_one_cm":3776,"minecraft:walk_one_cm":518479,"minecraft:sneak_time":14083,"minecraft:walk_under_water_one_cm":66105,"minecraft:boat_one_cm":17453,"minecraft:interact_with_blast_furnace":5,"minecraft:total_world_time":407779,"minecraft:interact_with_stonecutter":2,"minecraft:time_since_rest":808,"minecraft:damage_taken":9531,"minecraft:swim_one_cm":370262,"minecraft:fly_one_cm":2245491,"minecraft:open_chest":72,"minecraft:fish_caught":1,"minecraft:fall_one_cm":369420},"minecraft:used":{"minecraft:moss_block":3,"minecraft:oak_sign":12,"minecraft:polished_basalt":8,"minecraft:chest":3,"minecraft:shield":112,"minecraft:stone":8,"minecraft:iron_sword":183,"minecraft:rotten_flesh":38,"minecraft:iron_chestplate":3,"minecraft:mutton":2,"minecraft:carrot":7,"minecraft:tuff":55,"minecraft:glass":8,"minecraft:lava_bucket":10,"minecraft:iron_helmet":3,"minecraft:bow":17,"minecraft:hay_block":10,"minecraft:furnace":7,"minecraft:oak_sapling":2,"minecraft:egg":5,"minecraft:potato":1,"minecraft:stone_pickaxe":111,"minecraft:oak_planks":12,"minecraft:wooden_pickaxe":33,"minecraft:composter":2,"minecraft:white_wool":2,"minecraft:blast_furnace":3,"minecraft:bread":46,"minecraft:gravel":79,"minecraft:wooden_sword":2,"minecraft:andesite":6,"minecraft:oak_boat":1,"minecraft:bone_meal":16,"minecraft:oak_trapdoor":10,"minecraft:flint_and_steel":1,"minecraft:stone_hoe":56,"minecraft:cooked_chicken":2,"minecraft:oak_door":11,"minecraft:torch":42,"minecraft:dirt":82,"minecraft:granite":41,"minecraft:wooden_axe":8,"minecraft:acacia_slab":2,"minecraft:iron_boots":5,"minecraft:smooth_basalt":2,"minecraft:basalt":1,"minecraft:cooked_beef":19,"minecraft:cobbled_deepslate":31,"minecraft:iron_leggings":3,"minecraft:calcite":3,"minecraft:wheat_seeds":6,"minecraft:cooked_mutton":20,"minecraft:acacia_boat":1,"minecraft:water_bucket":45,"minecraft:cobblestone_stairs":3,"minecraft:birch_planks":2,"minecraft:stonecutter":1,"minecraft:fletching_table":11,"minecraft:cobblestone_slab":7,"minecraft:salmon":1,"minecraft:mossy_cobblestone":8,"minecraft:crafting_table":19,"minecraft:white_bed":10,"minecraft:wooden_hoe":1,"minecraft:diamond_pickaxe":354,"minecraft:suspicious_stew":1,"minecraft:iron_pickaxe":264,"minecraft:stone_axe":533,"minecraft:fishing_rod":5,"minecraft:cobblestone":169,"minecraft:cooked_porkchop":12,"minecraft:porkchop":4,"minecraft:bucket":56,"minecraft:yellow_bed":2},"minecraft:dropped":{"minecraft:acacia_wood":1,"minecraft:leather":3,"minecraft:rail":2,"minecraft:cod":1,"minecraft:cobblestone_stairs":2,"minecraft:flint":2,"minecraft:dirt":19,"minecraft:mutton":1,"minecraft:wooden_sword":2,"minecraft:iron_pickaxe":2,"minecraft:white_wool":7,"minecraft:oak_door":5,"minecraft:stone_axe":3,"minecraft:cobbled_deepslate":132,"minecraft:wheat":2,"minecraft:rotten_flesh":1,"minecraft:oak_planks":68,"minecraft:cooked_mutton":2,"minecraft:salmon":1,"minecraft:poppy":2,"minecraft:gunpowder":9,"minecraft:beetroot_seeds":2,"minecraft:acacia_slab":3,"minecraft:leather_leggings":1,"minecraft:arrow":2,"minecraft:egg":1,"minecraft:stone_hoe":1,"minecraft:iron_ingot":5,"minecraft:bread":12,"minecraft:oak_slab":6,"minecraft:wheat_seeds":35,"minecraft:mossy_cobblestone":24,"minecraft:oak_fence":1,"minecraft:lead":2,"minecraft:cobblestone":14,"minecraft:feather":3,"minecraft:amethyst_block":11,"minecraft:coal":9,"minecraft:stick":13,"minecraft:diorite":7,"minecraft:torch":3,"minecraft:wooden_hoe":1,"minecraft:brown_wool":1,"minecraft:paper":12,"minecraft:string":26,"minecraft:acacia_planks":2,"minecraft:dandelion":2,"minecraft:redstone":8,"minecraft:furnace":1,"minecraft:kelp":2,"minecraft:bowl":1,"minecraft:tuff":2,"minecraft:raw_iron":5,"minecraft:composter":1,"minecraft:light_gray_wool":1,"minecraft:stone_slab":5,"minecraft:oak_sign":1,"minecraft:filled_map":1,"minecraft:iron_chestplate":1,"minecraft:oak_sapling":5,"minecraft:spider_eye":4,"minecraft:stone_pickaxe":3,"minecraft:wooden_pickaxe":3},"minecraft:crafted":{"minecraft:grindstone":1,"minecraft:oak_planks":1084,"minecraft:cobblestone_slab":6,"minecraft:oak_sign":3,"minecraft:cooked_chicken":2,"minecraft:stone":11,"minecraft:cooked_mutton":22,"minecraft:glass":16,"minecraft:bow":1,"minecraft:iron_boots":1,"minecraft:polished_basalt":8,"minecraft:stone_hoe":1,"minecraft:oak_slab":6,"minecraft:emerald":61,"minecraft:cooked_porkchop":12,"minecraft:crafting_table":16,"minecraft:acacia_slab":12,"minecraft:wooden_pickaxe":3,"minecraft:iron_helmet":1,"minecraft:fletching_table":2,"minecraft:birch_planks":16,"minecraft:wooden_hoe":1,"minecraft:iron_chestplate":2,"minecraft:diamond_pickaxe":1,"minecraft:shield":2,"minecraft:stick":2017,"minecraft:stone_slab":6,"minecraft:iron_ingot":35,"minecraft:iron_pickaxe":2,"minecraft:gold_ingot":11,"minecraft:composter":1,"minecraft:wooden_sword":1,"minecraft:oak_door":3,"minecraft:furnace":6,"minecraft:bone_meal":15,"minecraft:oak_trapdoor":2,"minecraft:flint_and_steel":1,"minecraft:stone_pickaxe":3,"minecraft:wheat":486,"minecraft:cooked_beef":22,"minecraft:iron_sword":1,"minecraft:bucket":1,"minecraft:stone_axe":5,"minecraft:bread":35,"minecraft:acacia_boat":1,"minecraft:air":0,"minecraft:oak_boat":1,"minecraft:wooden_axe":2,"minecraft:iron_leggings":1,"minecraft:white_bed":1,"minecraft:acacia_planks":104,"minecraft:torch":36},"minecraft:picked_up":{"minecraft:iron_chestplate":9,"minecraft:wheat":12,"minecraft:lead":4,"minecraft:enchanted_book":9,"minecraft:amethyst_block":11,"minecraft:string":31,"minecraft:iron_leggings":9,"minecraft:oak_sign":10,"minecraft:cobbled_deepslate":984,"minecraft:bucket":3,"minecraft:cobblestone_slab":16,"minecraft:calcite":3,"minecraft:iron_pickaxe":6,"minecraft:melon_slice":22,"minecraft:iron_boots":9,"minecraft:furnace":2,"minecraft:stick":18,"minecraft:composter":3,"minecraft:oak_fence":1,"minecraft:torch":54,"minecraft:acacia_log":26,"minecraft:porkchop":16,"minecraft:diorite":11,"minecraft:rotten_flesh":43,"minecraft:obsidian":32,"minecraft:cod":1,"minecraft:cobblestone":983,"minecraft:feather":3,"minecraft:cooked_beef":11,"minecraft:water_bucket":6,"minecraft:andesite":13,"minecraft:brown_wool":2,"minecraft:flint":25,"minecraft:tuff":292,"minecraft:acacia_boat":2,"minecraft:dirt":153,"minecraft:name_tag":3,"minecraft:bone":65,"minecraft:acacia_planks":3,"minecraft:stonecutter":1,"minecraft:bow":13,"minecraft:wheat_seeds":55,"minecraft:raw_gold":88,"minecraft:fletching_table":9,"minecraft:moss_block":1,"minecraft:oak_planks":42,"minecraft:stone_hoe":1,"minecraft:cooked_porkchop":14,"minecraft:mossy_cobblestone":152,"minecraft:diamond":12,"minecraft:granite":41,"minecraft:bone_meal":1,"minecraft:golden_apple":9,"minecraft:oak_sapling":13,"minecraft:diamond_pickaxe":9,"minecraft:crafting_table":3,"minecraft:chicken":3,"minecraft:leather_leggings":3,"minecraft:wooden_pickaxe":2,"minecraft:shield":8,"minecraft:oak_trapdoor":8,"minecraft:acacia_door":1,"minecraft:wooden_sword":1,"minecraft:flint_and_steel":9,"minecraft:beef":36,"minecraft:poppy":2,"minecraft:light_gray_wool":1,"minecraft:chest":9,"minecraft:egg":7,"minecraft:raw_iron":51,"minecraft:oak_door":13,"minecraft:bowl":1,"minecraft:redstone":6,"minecraft:carrot":7,"minecraft:arrow":52,"minecraft:hay_block":65,"minecraft:saddle":2,"minecraft:mutton":32,"minecraft:white_wool":16,"minecraft:rail":2,"minecraft:basalt":9,"minecraft:salmon":2,"minecraft:leather":15,"minecraft:acacia_wood":1,"minecraft:filled_map":1,"minecraft:birch_planks":18,"minecraft:oak_log":271,"minecraft:yellow_bed":2,"minecraft:gunpowder":5,"minecraft:cobblestone_stairs":5,"minecraft:cooked_mutton":1,"minecraft:apple":5,"minecraft:kelp":2,"minecraft:stone_pickaxe":16,"minecraft:iron_ingot":10,"minecraft:iron_sword":9,"minecraft:smooth_basalt":2,"minecraft:dandelion":3,"minecraft:gravel":82,"minecraft:blast_furnace":5,"minecraft:white_bed":9,"minecraft:spider_eye":13,"minecraft:stone_axe":10,"minecraft:iron_helmet":9,"minecraft:black_wool":1,"minecraft:coal":211},"minecraft:killed":{"minecraft:spider":9,"minecraft:skeleton":23,"minecraft:chicken":3,"minecraft:pig":10,"minecraft:iron_golem":1,"minecraft:creeper":5,"minecraft:sheep":19,"minecraft:trader_llama":2,"minecraft:zombie":34,"minecraft:cow":17,"minecraft:drowned":1,"minecraft:wandering_trader":1}},"DataVersion":3953}