{"stats":{"minecraft:mined":{"minecraft:white_bed":7,"minecraft:oak_door":4,"minecraft:dandelion":1,"minecraft:granite":40,"minecraft:crafting_table":1,"minecraft:torch":2,"minecraft:short_grass":69,"minecraft:calcite":3,"minecraft:grass_block":8,"minecraft:tall_grass":17,"minecraft:cobblestone":11,"minecraft:oak_planks":2,"minecraft:amethyst_block":11,"minecraft:hay_block":55,"minecraft:furnace":1,"minecraft:iron_ore":26,"minecraft:andesite":13,"minecraft:birch_leaves":1,"minecraft:azure_bluet":1,"minecraft:deepslate_iron_ore":2,"minecraft:oak_log":35,"minecraft:coal_ore":32,"minecraft:dirt_path":2,"minecraft:rail":1,"minecraft:gravel":33,"minecraft:dirt":35,"minecraft:smooth_basalt":2,"minecraft:stone":136,"minecraft:deepslate":5,"minecraft:oak_leaves":19},"minecraft:killed_by":{"minecraft:spider":1,"minecraft:iron_golem":1},"minecraft:custom":{"minecraft:interact_with_furnace":39,"minecraft:mob_kills":54,"minecraft:interact_with_crafting_table":34,"minecraft:leave_game":3,"minecraft:time_since_death":126683,"minecraft:sleep_in_bed":7,"minecraft:time_since_rest":18278,"minecraft:sprint_one_cm":300745,"minecraft:damage_taken":2939,"minecraft:walk_one_cm":119764,"minecraft:damage_blocked_by_shield":140,"minecraft:drop":13,"minecraft:damage_dealt":5961,"minecraft:swim_one_cm":247826,"minecraft:fly_one_cm":628620,"minecraft:open_chest":4,"minecraft:crouch_one_cm":7241,"minecraft:play_time":153804,"minecraft:deaths":3,"minecraft:sneak_time":3213,"minecraft:walk_under_water_one_cm":35092,"minecraft:jump":2964,"minecraft:walk_on_water_one_cm":30533,"minecraft:total_world_time":153804,"minecraft:fall_one_cm":106842},"minecraft:used":{"minecraft:water_bucket":5,"minecraft:moss_block":1,"minecraft:cooked_mutton":9,"minecraft:stone_pickaxe":108,"minecraft:oak_planks":10,"minecraft:shield":6,"minecraft:wooden_pickaxe":33,"minecraft:iron_sword":18,"minecraft:cooked_chicken":2,"minecraft:stone_hoe":56,"minecraft:rotten_flesh":12,"minecraft:oak_door":11,"minecraft:salmon":1,"minecraft:torch":3,"minecraft:dirt":40,"minecraft:mutton":2,"minecraft:crafting_table":10,"minecraft:white_bed":10,"minecraft:wooden_axe":8,"minecraft:lava_bucket":5,"minecraft:bread":5,"minecraft:iron_pickaxe":156,"minecraft:iron_helmet":1,"minecraft:iron_boots":1,"minecraft:gravel":27,"minecraft:wooden_sword":2,"minecraft:stone_axe":84,"minecraft:cobblestone":73,"minecraft:hay_block":5,"minecraft:furnace":4,"minecraft:oak_sapling":1,"minecraft:andesite":3,"minecraft:bucket":10,"minecraft:cobbled_deepslate":5,"minecraft:cooked_beef":15},"minecraft:dropped":{"minecraft:stone_hoe":1,"minecraft:wheat_seeds":2,"minecraft:feather":1,"minecraft:cooked_mutton":2,"minecraft:brown_wool":1,"minecraft:spider_eye":1,"minecraft:wooden_sword":2,"minecraft:wooden_pickaxe":2,"minecraft:stone_pickaxe":1},"minecraft:crafted":{"minecraft:cooked_beef":18,"minecraft:wooden_sword":1,"minecraft:oak_door":3,"minecraft:oak_planks":144,"minecraft:crafting_table":9,"minecraft:cooked_chicken":2,"minecraft:wooden_pickaxe":3,"minecraft:iron_helmet":1,"minecraft:iron_sword":1,"minecraft:furnace":3,"minecraft:bucket":1,"minecraft:stone_axe":2,"minecraft:bread":3,"minecraft:cooked_mutton":11,"minecraft:air":0,"minecraft:iron_boots":1,"minecraft:shield":1,"minecraft:stick":32,"minecraft:iron_ingot":17,"minecraft:iron_pickaxe":1,"minecraft:stone_pickaxe":3,"minecraft:wooden_axe":2,"minecraft:white_bed":1,"minecraft:stone_hoe":1,"minecraft:wheat":441},"minecraft:picked_up":{"minecraft:crafting_table":1,"minecraft:feather":1,"minecraft:cooked_beef":11,"minecraft:chicken":2,"minecraft:salmon":2,"minecraft:andesite":13,"minecraft:brown_wool":2,"minecraft:leather":13,"minecraft:wooden_pickaxe":2,"minecraft:flint":3,"minecraft:oak_log":36,"minecraft:amethyst_block":11,"minecraft:dirt":55,"minecraft:string":4,"minecraft:wooden_sword":1,"minecraft:bone":4,"minecraft:wheat_seeds":6,"minecraft:cobbled_deepslate":5,"minecraft:iron_ingot":4,"minecraft:stone_pickaxe":1,"minecraft:beef":34,"minecraft:calcite":3,"minecraft:poppy":2,"minecraft:oak_planks":2,"minecraft:stone_hoe":1,"minecraft:furnace":1,"minecraft:egg":2,"minecraft:smooth_basalt":2,"minecraft:raw_iron":28,"minecraft:oak_door":9,"minecraft:torch":3,"minecraft:dandelion":1,"minecraft:gravel":30,"minecraft:white_bed":9,"minecraft:spider_eye":2,"minecraft:rotten_flesh":15,"minecraft:arrow":4,"minecraft:hay_block":54,"minecraft:granite":40,"minecraft:oak_sapling":4,"minecraft:rail":1,"minecraft:black_wool":1,"minecraft:mutton":23,"minecraft:coal":27,"minecraft:cobblestone":145,"minecraft:white_wool":13},"minecraft:killed":{"minecraft:spider":3,"minecraft:creeper":1,"minecraft:sheep":16,"minecraft:skeleton":1,"minecraft:zombie":7,"minecraft:chicken":2,"minecraft:cow":16}},"DataVersion":3953}