{"stats":{"minecraft:mined":{"minecraft:white_bed":7,"minecraft:dandelion":1,"minecraft:torch":1,"minecraft:short_grass":64,"minecraft:grass_block":6,"minecraft:tall_grass":15,"minecraft:cobblestone":4,"minecraft:hay_block":54,"minecraft:iron_ore":2,"minecraft:andesite":7,"minecraft:azure_bluet":1,"minecraft:oak_log":25,"minecraft:coal_ore":14,"minecraft:dirt_path":1,"minecraft:gravel":33,"minecraft:dirt":27,"minecraft:stone":57,"minecraft:oak_leaves":14},"minecraft:killed_by":{"minecraft:spider":1,"minecraft:iron_golem":1},"minecraft:custom":{"minecraft:interact_with_furnace":20,"minecraft:mob_kills":27,"minecraft:interact_with_crafting_table":15,"minecraft:leave_game":2,"minecraft:time_since_death":68056,"minecraft:sleep_in_bed":6,"minecraft:time_since_rest":1115,"minecraft:sprint_one_cm":156547,"minecraft:damage_taken":1775,"minecraft:walk_one_cm":60297,"minecraft:drop":4,"minecraft:damage_dealt":2923,"minecraft:swim_one_cm":43978,"minecraft:fly_one_cm":422729,"minecraft:open_chest":4,"minecraft:crouch_one_cm":3489,"minecraft:play_time":95177,"minecraft:deaths":3,"minecraft:sneak_time":1178,"minecraft:walk_under_water_one_cm":8389,"minecraft:jump":1845,"minecraft:walk_on_water_one_cm":22219,"minecraft:total_world_time":95177,"minecraft:fall_one_cm":68969},"minecraft:used":{"minecraft:cooked_mutton":5,"minecraft:stone_pickaxe":71,"minecraft:oak_planks":5,"minecraft:wooden_pickaxe":16,"minecraft:stone_hoe":56,"minecraft:rotten_flesh":1,"minecraft:dirt":32,"minecraft:crafting_table":5,"minecraft:white_bed":9,"minecraft:wooden_axe":8,"minecraft:bread":2,"minecraft:gravel":27,"minecraft:stone_axe":39,"minecraft:cobblestone":14,"minecraft:hay_block":4,"minecraft:furnace":1,"minecraft:oak_sapling":1,"minecraft:cooked_beef":10},"minecraft:dropped":{"minecraft:stone_hoe":1,"minecraft:wheat_seeds":2,"minecraft:brown_wool":1},"minecraft:crafted":{"minecraft:cooked_beef":18,"minecraft:oak_planks":92,"minecraft:crafting_table":5,"minecraft:wooden_pickaxe":2,"minecraft:furnace":1,"minecraft:stone_axe":1,"minecraft:cooked_mutton":9,"minecraft:air":0,"minecraft:stick":16,"minecraft:stone_pickaxe":1,"minecraft:wooden_axe":2,"minecraft:white_bed":1,"minecraft:stone_hoe":1,"minecraft:wheat":432},"minecraft:picked_up":{"minecraft:cooked_beef":11,"minecraft:andesite":7,"minecraft:leather":12,"minecraft:brown_wool":2,"minecraft:flint":3,"minecraft:oak_log":26,"minecraft:string":1,"minecraft:dirt":38,"minecraft:bone":2,"minecraft:wheat_seeds":5,"minecraft:beef":34,"minecraft:stone_hoe":1,"minecraft:egg":2,"minecraft:raw_iron":2,"minecraft:torch":1,"minecraft:dandelion":1,"minecraft:gravel":30,"minecraft:white_bed":9,"minecraft:rotten_flesh":2,"minecraft:arrow":4,"minecraft:hay_block":53,"minecraft:oak_sapling":2,"minecraft:black_wool":1,"minecraft:mutton":11,"minecraft:coal":12,"minecraft:cobblestone":61,"minecraft:white_wool":5},"minecraft:killed":{"minecraft:sheep":8,"minecraft:skeleton":1,"minecraft:cow":16}},"DataVersion":3953}