{"stats":{"minecraft:mined":{"minecraft:white_bed":7,"minecraft:oak_door":4,"minecraft:dandelion":1,"minecraft:crafting_table":1,"minecraft:torch":2,"minecraft:short_grass":66,"minecraft:grass_block":6,"minecraft:tall_grass":15,"minecraft:cobblestone":5,"minecraft:hay_block":55,"minecraft:furnace":1,"minecraft:iron_ore":15,"minecraft:andesite":7,"minecraft:birch_leaves":1,"minecraft:azure_bluet":1,"minecraft:oak_log":35,"minecraft:coal_ore":22,"minecraft:dirt_path":1,"minecraft:gravel":33,"minecraft:dirt":27,"minecraft:stone":87,"minecraft:oak_leaves":18},"minecraft:killed_by":{"minecraft:spider":1,"minecraft:iron_golem":1},"minecraft:custom":{"minecraft:interact_with_furnace":22,"minecraft:mob_kills":28,"minecraft:interact_with_crafting_table":26,"minecraft:leave_game":3,"minecraft:time_since_death":102683,"minecraft:sleep_in_bed":6,"minecraft:time_since_rest":35742,"minecraft:sprint_one_cm":193717,"minecraft:damage_taken":2465,"minecraft:walk_one_cm":75089,"minecraft:drop":8,"minecraft:damage_dealt":2963,"minecraft:swim_one_cm":239119,"minecraft:fly_one_cm":501455,"minecraft:open_chest":4,"minecraft:crouch_one_cm":3909,"minecraft:play_time":129804,"minecraft:deaths":3,"minecraft:sneak_time":1974,"minecraft:walk_under_water_one_cm":34754,"minecraft:jump":2211,"minecraft:walk_on_water_one_cm":28526,"minecraft:total_world_time":129804,"minecraft:fall_one_cm":82372},"minecraft:used":{"minecraft:moss_block":1,"minecraft:cooked_mutton":7,"minecraft:stone_pickaxe":108,"minecraft:oak_planks":5,"minecraft:wooden_pickaxe":33,"minecraft:stone_hoe":56,"minecraft:rotten_flesh":2,"minecraft:oak_door":11,"minecraft:salmon":1,"minecraft:torch":2,"minecraft:dirt":32,"minecraft:crafting_table":8,"minecraft:white_bed":9,"minecraft:wooden_axe":8,"minecraft:bread":4,"minecraft:iron_helmet":1,"minecraft:iron_boots":1,"minecraft:gravel":27,"minecraft:wooden_sword":2,"minecraft:stone_axe":53,"minecraft:cobblestone":16,"minecraft:hay_block":5,"minecraft:furnace":2,"minecraft:oak_sapling":1,"minecraft:cooked_beef":15},"minecraft:dropped":{"minecraft:stone_hoe":1,"minecraft:wheat_seeds":2,"minecraft:cooked_mutton":2,"minecraft:brown_wool":1,"minecraft:wooden_sword":2},"minecraft:crafted":{"minecraft:cooked_beef":18,"minecraft:wooden_sword":1,"minecraft:oak_door":3,"minecraft:oak_planks":124,"minecraft:crafting_table":7,"minecraft:wooden_pickaxe":3,"minecraft:iron_helmet":1,"minecraft:furnace":2,"minecraft:stone_axe":2,"minecraft:bread":3,"minecraft:cooked_mutton":9,"minecraft:air":0,"minecraft:iron_boots":1,"minecraft:shield":1,"minecraft:stick":32,"minecraft:iron_ingot":13,"minecraft:iron_pickaxe":1,"minecraft:stone_pickaxe":3,"minecraft:wooden_axe":2,"minecraft:white_bed":1,"minecraft:stone_hoe":1,"minecraft:wheat":441},"minecraft:picked_up":{"minecraft:crafting_table":1,"minecraft:cooked_beef":11,"minecraft:salmon":2,"minecraft:andesite":7,"minecraft:brown_wool":2,"minecraft:leather":13,"minecraft:flint":3,"minecraft:oak_log":36,"minecraft:dirt":38,"minecraft:string":1,"minecraft:wooden_sword":1,"minecraft:bone":4,"minecraft:wheat_seeds":6,"minecraft:beef":34,"minecraft:stone_hoe":1,"minecraft:furnace":1,"minecraft:egg":2,"minecraft:raw_iron":15,"minecraft:oak_door":9,"minecraft:torch":3,"minecraft:dandelion":1,"minecraft:gravel":30,"minecraft:white_bed":9,"minecraft:rotten_flesh":2,"minecraft:arrow":4,"minecraft:hay_block":54,"minecraft:oak_sapling":4,"minecraft:black_wool":1,"minecraft:mutton":11,"minecraft:coal":17,"minecraft:cobblestone":90,"minecraft:white_wool":5},"minecraft:killed":{"minecraft:sheep":8,"minecraft:skeleton":1,"minecraft:cow":16}},"DataVersion":3953}