{"stats":{"minecraft:mined":{"minecraft:white_bed":7,"minecraft:dandelion":1,"minecraft:torch":1,"minecraft:short_grass":66,"minecraft:grass_block":6,"minecraft:tall_grass":15,"minecraft:cobblestone":5,"minecraft:hay_block":54,"minecraft:iron_ore":13,"minecraft:birch_leaves":1,"minecraft:andesite":7,"minecraft:azure_bluet":1,"minecraft:oak_log":25,"minecraft:coal_ore":19,"minecraft:dirt_path":1,"minecraft:gravel":33,"minecraft:dirt":27,"minecraft:stone":81,"minecraft:oak_leaves":18},"minecraft:killed_by":{"minecraft:spider":1,"minecraft:iron_golem":1},"minecraft:custom":{"minecraft:interact_with_furnace":20,"minecraft:mob_kills":27,"minecraft:interact_with_crafting_table":18,"minecraft:leave_game":2,"minecraft:time_since_death":80056,"minecraft:sleep_in_bed":6,"minecraft:time_since_rest":13115,"minecraft:sprint_one_cm":180654,"minecraft:damage_taken":2075,"minecraft:walk_one_cm":71243,"minecraft:drop":8,"minecraft:damage_dealt":2963,"minecraft:swim_one_cm":135007,"minecraft:fly_one_cm":477593,"minecraft:open_chest":4,"minecraft:crouch_one_cm":3807,"minecraft:play_time":107177,"minecraft:deaths":3,"minecraft:sneak_time":1533,"minecraft:walk_under_water_one_cm":23654,"minecraft:jump":2083,"minecraft:walk_on_water_one_cm":25384,"minecraft:total_world_time":107177,"minecraft:fall_one_cm":78030},"minecraft:used":{"minecraft:moss_block":1,"minecraft:cooked_mutton":7,"minecraft:stone_pickaxe":95,"minecraft:oak_planks":5,"minecraft:wooden_pickaxe":33,"minecraft:stone_hoe":56,"minecraft:rotten_flesh":1,"minecraft:oak_door":7,"minecraft:dirt":32,"minecraft:crafting_table":7,"minecraft:white_bed":9,"minecraft:wooden_axe":8,"minecraft:bread":2,"minecraft:gravel":27,"minecraft:stone_axe":39,"minecraft:wooden_sword":2,"minecraft:cobblestone":16,"minecraft:hay_block":4,"minecraft:furnace":1,"minecraft:oak_sapling":1,"minecraft:cooked_beef":12},"minecraft:dropped":{"minecraft:stone_hoe":1,"minecraft:wheat_seeds":2,"minecraft:cooked_mutton":2,"minecraft:brown_wool":1,"minecraft:wooden_sword":2},"minecraft:crafted":{"minecraft:cooked_beef":18,"minecraft:wooden_sword":1,"minecraft:oak_door":3,"minecraft:oak_planks":104,"minecraft:crafting_table":7,"minecraft:wooden_pickaxe":3,"minecraft:furnace":1,"minecraft:stone_axe":1,"minecraft:cooked_mutton":9,"minecraft:air":0,"minecraft:stick":24,"minecraft:stone_pickaxe":2,"minecraft:wooden_axe":2,"minecraft:white_bed":1,"minecraft:stone_hoe":1,"minecraft:wheat":432},"minecraft:picked_up":{"minecraft:cooked_beef":11,"minecraft:andesite":7,"minecraft:leather":13,"minecraft:brown_wool":2,"minecraft:flint":3,"minecraft:oak_log":26,"minecraft:string":1,"minecraft:dirt":38,"minecraft:wooden_sword":1,"minecraft:bone":4,"minecraft:wheat_seeds":6,"minecraft:beef":34,"minecraft:stone_hoe":1,"minecraft:egg":2,"minecraft:raw_iron":13,"minecraft:oak_door":5,"minecraft:torch":1,"minecraft:dandelion":1,"minecraft:gravel":30,"minecraft:white_bed":9,"minecraft:rotten_flesh":2,"minecraft:arrow":4,"minecraft:hay_block":53,"minecraft:oak_sapling":4,"minecraft:black_wool":1,"minecraft:mutton":11,"minecraft:coal":16,"minecraft:cobblestone":85,"minecraft:white_wool":5},"minecraft:killed":{"minecraft:sheep":8,"minecraft:skeleton":1,"minecraft:cow":16}},"DataVersion":3953}