{"stats":{"minecraft:broken":{"minecraft:stone_axe":1},"minecraft:mined":{"minecraft:tuff":22,"minecraft:white_bed":7,"minecraft:mossy_cobblestone":26,"minecraft:deepslate_diamond_ore":12,"minecraft:oak_door":4,"minecraft:obsidian":4,"minecraft:granite":42,"minecraft:grass_block":8,"minecraft:moss_block":1,"minecraft:hay_block":55,"minecraft:furnace":1,"minecraft:iron_ore":40,"minecraft:andesite":13,"minecraft:azure_bluet":1,"minecraft:deepslate_iron_ore":7,"minecraft:dirt_path":2,"minecraft:rail":1,"minecraft:stone":152,"minecraft:basalt":9,"minecraft:dandelion":1,"minecraft:crafting_table":1,"minecraft:torch":2,"minecraft:short_grass":70,"minecraft:calcite":3,"minecraft:chest":2,"minecraft:tall_grass":17,"minecraft:cobblestone":24,"minecraft:deepslate_gold_ore":11,"minecraft:oak_planks":2,"minecraft:diorite":2,"minecraft:wall_torch":1,"minecraft:amethyst_block":11,"minecraft:wheat":5,"minecraft:birch_leaves":1,"minecraft:oak_log":40,"minecraft:coal_ore":63,"minecraft:gravel":33,"minecraft:dirt":36,"minecraft:smooth_basalt":2,"minecraft:oak_leaves":21,"minecraft:deepslate":112},"minecraft:killed_by":{"minecraft:spider":1,"minecraft:iron_golem":1},"minecraft:custom":{"minecraft:mob_kills":89,"minecraft:interact_with_crafting_table":62,"minecraft:bell_ring":1,"minecraft:leave_game":4,"minecraft:time_since_death":6308,"minecraft:sprint_one_cm":473734,"minecraft:walk_one_cm":242042,"minecraft:damage_blocked_by_shield":1617,"minecraft:drop":41,"minecraft:talked_to_villager":1,"minecraft:play_time":213776,"minecraft:deaths":7,"minecraft:sneak_time":6619,"minecraft:walk_under_water_one_cm":47987,"minecraft:jump":4463,"minecraft:walk_on_water_one_cm":50567,"minecraft:total_world_time":213776,"minecraft:interact_with_furnace":92,"minecraft:sleep_in_bed":9,"minecraft:time_since_rest":6334,"minecraft:damage_taken":5714,"minecraft:damage_dealt":11080,"minecraft:swim_one_cm":261906,"minecraft:fly_one_cm":863989,"minecraft:open_chest":29,"minecraft:crouch_one_cm":19009,"minecraft:fall_one_cm":175626},"minecraft:used":{"minecraft:moss_block":3,"minecraft:flint_and_steel":1,"minecraft:polished_basalt":8,"minecraft:shield":61,"minecraft:iron_sword":49,"minecraft:cooked_chicken":2,"minecraft:stone_hoe":56,"minecraft:rotten_flesh":18,"minecraft:iron_chestplate":2,"minecraft:oak_door":11,"minecraft:torch":27,"minecraft:dirt":51,"minecraft:mutton":2,"minecraft:tuff":1,"minecraft:granite":41,"minecraft:wooden_axe":8,"minecraft:lava_bucket":10,"minecraft:iron_helmet":1,"minecraft:iron_boots":2,"minecraft:smooth_basalt":2,"minecraft:basalt":1,"minecraft:bow":7,"minecraft:hay_block":5,"minecraft:oak_sapling":1,"minecraft:furnace":5,"minecraft:cooked_beef":19,"minecraft:cobbled_deepslate":19,"minecraft:iron_leggings":2,"minecraft:calcite":3,"minecraft:wheat_seeds":6,"minecraft:cooked_mutton":17,"minecraft:water_bucket":33,"minecraft:stone_pickaxe":108,"minecraft:oak_planks":12,"minecraft:wooden_pickaxe":33,"minecraft:white_wool":2,"minecraft:salmon":1,"minecraft:crafting_table":12,"minecraft:white_bed":10,"minecraft:wooden_hoe":1,"minecraft:diamond_pickaxe":166,"minecraft:bread":9,"minecraft:iron_pickaxe":264,"minecraft:suspicious_stew":1,"minecraft:gravel":27,"minecraft:stone_axe":140,"minecraft:wooden_sword":2,"minecraft:cobblestone":117,"minecraft:cooked_porkchop":7,"minecraft:andesite":6,"minecraft:bucket":44,"minecraft:bone_meal":15},"minecraft:crafted":{"minecraft:wooden_sword":1,"minecraft:oak_door":3,"minecraft:oak_planks":164,"minecraft:cooked_chicken":2,"minecraft:furnace":4,"minecraft:bone_meal":15,"minecraft:cooked_mutton":19,"minecraft:flint_and_steel":1,"minecraft:iron_boots":1,"minecraft:stone_pickaxe":3,"minecraft:polished_basalt":8,"minecraft:stone_hoe":1,"minecraft:wheat":441,"minecraft:cooked_beef":22,"minecraft:cooked_porkchop":8,"minecraft:crafting_table":11,"minecraft:wooden_pickaxe":3,"minecraft:iron_helmet":1,"minecraft:iron_sword":1,"minecraft:bucket":1,"minecraft:stone_axe":3,"minecraft:bread":4,"minecraft:air":0,"minecraft:wooden_hoe":1,"minecraft:iron_chestplate":1,"minecraft:diamond_pickaxe":1,"minecraft:shield":1,"minecraft:stick":44,"minecraft:iron_ingot":34,"minecraft:iron_pickaxe":2,"minecraft:wooden_axe":2,"minecraft:iron_leggings":1,"minecraft:white_bed":1,"minecraft:torch":24},"minecraft:dropped":{"minecraft:stone_hoe":1,"minecraft:wheat_seeds":12,"minecraft:feather":1,"minecraft:leather":2,"minecraft:amethyst_block":11,"minecraft:rail":2,"minecraft:stick":2,"minecraft:diorite":2,"minecraft:wooden_hoe":1,"minecraft:brown_wool":1,"minecraft:wooden_sword":2,"minecraft:iron_pickaxe":1,"minecraft:paper":12,"minecraft:white_wool":6,"minecraft:redstone":2,"minecraft:oak_door":1,"minecraft:stone_axe":1,"minecraft:cobbled_deepslate":1,"minecraft:tuff":2,"minecraft:wheat":2,"minecraft:light_gray_wool":1,"minecraft:cooked_mutton":2,"minecraft:salmon":1,"minecraft:poppy":2,"minecraft:gunpowder":8,"minecraft:beetroot_seeds":2,"minecraft:oak_sapling":3,"minecraft:spider_eye":1,"minecraft:wooden_pickaxe":3,"minecraft:stone_pickaxe":1,"minecraft:egg":1},"minecraft:picked_up":{"minecraft:iron_chestplate":3,"minecraft:crafting_table":1,"minecraft:wheat":10,"minecraft:chicken":2,"minecraft:wooden_pickaxe":2,"minecraft:enchanted_book":3,"minecraft:shield":3,"minecraft:amethyst_block":11,"minecraft:string":13,"minecraft:iron_leggings":3,"minecraft:wooden_sword":1,"minecraft:flint_and_steel":3,"minecraft:cobbled_deepslate":113,"minecraft:bucket":1,"minecraft:beef":36,"minecraft:calcite":3,"minecraft:iron_pickaxe":3,"minecraft:light_gray_wool":1,"minecraft:poppy":2,"minecraft:chest":2,"minecraft:iron_boots":3,"minecraft:egg":2,"minecraft:furnace":1,"minecraft:stick":2,"minecraft:raw_iron":45,"minecraft:oak_door":9,"minecraft:torch":6,"minecraft:bowl":1,"minecraft:porkchop":8,"minecraft:diorite":4,"minecraft:redstone":2,"minecraft:rotten_flesh":22,"minecraft:arrow":16,"minecraft:hay_block":54,"minecraft:saddle":2,"minecraft:obsidian":16,"minecraft:mutton":27,"minecraft:cobblestone":165,"minecraft:rail":2,"minecraft:white_wool":13,"minecraft:basalt":9,"minecraft:feather":1,"minecraft:cooked_beef":11,"minecraft:water_bucket":2,"minecraft:salmon":2,"minecraft:andesite":13,"minecraft:brown_wool":2,"minecraft:leather":14,"minecraft:flint":9,"minecraft:tuff":19,"minecraft:oak_log":41,"minecraft:gunpowder":3,"minecraft:dirt":56,"minecraft:name_tag":3,"minecraft:bone":12,"minecraft:bow":4,"minecraft:wheat_seeds":19,"minecraft:raw_gold":44,"minecraft:stone_pickaxe":3,"minecraft:iron_ingot":5,"minecraft:iron_sword":3,"minecraft:moss_block":1,"minecraft:oak_planks":2,"minecraft:stone_hoe":1,"minecraft:smooth_basalt":2,"minecraft:cooked_porkchop":14,"minecraft:dandelion":1,"minecraft:gravel":30,"minecraft:white_bed":9,"minecraft:spider_eye":5,"minecraft:mossy_cobblestone":26,"minecraft:diamond":12,"minecraft:stone_axe":4,"minecraft:iron_helmet":3,"minecraft:granite":41,"minecraft:golden_apple":3,"minecraft:oak_sapling":4,"minecraft:black_wool":1,"minecraft:coal":57,"minecraft:diamond_pickaxe":3},"minecraft:killed":{"minecraft:spider":5,"minecraft:skeleton":12,"minecraft:chicken":2,"minecraft:pig":5,"minecraft:creeper":2,"minecraft:sheep":17,"minecraft:zombie":16,"minecraft:cow":17}},"DataVersion":3953}