{"stats":{"minecraft:crafted":{"minecraft:wheat":99},"minecraft:picked_up":{"minecraft:wooden_axe":1,"minecraft:wheat_seeds":1,"minecraft:wooden_pickaxe":1,"minecraft:potato":2,"minecraft:hay_block":11,"minecraft:iron_ingot":3,"minecraft:oak_log":10,"minecraft:bread":1,"minecraft:poppy":2,"minecraft:white_bed":1,"minecraft:black_wool":1,"minecraft:oak_sapling":1,"minecraft:oak_planks":15,"minecraft:mutton":12,"minecraft:white_wool":6},"minecraft:custom":{"minecraft:time_since_rest":188,"minecraft:open_chest":3,"minecraft:crouch_one_cm":1218,"minecraft:play_time":9813,"minecraft:sprint_one_cm":23495,"minecraft:damage_taken":35,"minecraft:walk_one_cm":18154,"minecraft:sneak_time":1632,"minecraft:walk_under_water_one_cm":441,"minecraft:mob_kills":7,"minecraft:jump":225,"minecraft:damage_dealt":1260,"minecraft:sleep_in_bed":1,"minecraft:time_since_death":9813,"minecraft:walk_on_water_one_cm":732,"minecraft:total_world_time":9813,"minecraft:swim_one_cm":6302,"minecraft:fall_one_cm":7475,"minecraft:fly_one_cm":32940},"minecraft:broken":{"minecraft:wooden_pickaxe":1},"minecraft:mined":{"minecraft:short_grass":17,"minecraft:hay_block":11,"minecraft:oak_log":10,"minecraft:white_bed":1,"minecraft:oak_leaves":1},"minecraft:used":{"minecraft:bread":1,"minecraft:oak_planks":3,"minecraft:wooden_pickaxe":30},"minecraft:killed":{"minecraft:sheep":6,"minecraft:iron_golem":1}},"DataVersion":3953}