{"stats":{"minecraft:crafted":{"minecraft:cooked_beef":4,"minecraft:oak_planks":12,"minecraft:shield":1,"minecraft:crafting_table":2,"minecraft:stick":16,"minecraft:iron_pickaxe":1,"minecraft:stone_sword":1,"minecraft:furnace":3,"minecraft:torch":28,"minecraft:stone_axe":1,"minecraft:bread":33,"minecraft:cooked_mutton":5,"minecraft:air":0,"minecraft:wheat":99},"minecraft:picked_up":{"minecraft:wooden_axe":1,"minecraft:torch":2,"minecraft:wooden_pickaxe":1,"minecraft:potato":2,"minecraft:oak_log":10,"minecraft:white_bed":1,"minecraft:string":1,"minecraft:dirt":3,"minecraft:wheat_seeds":1,"minecraft:hay_block":11,"minecraft:iron_ingot":6,"minecraft:beef":1,"minecraft:poppy":2,"minecraft:bread":1,"minecraft:oak_sapling":1,"minecraft:mutton":12,"minecraft:black_wool":1,"minecraft:oak_planks":15,"minecraft:coal":27,"minecraft:cobblestone":51,"minecraft:white_wool":6},"minecraft:custom":{"minecraft:time_since_rest":1582,"minecraft:interact_with_furnace":9,"minecraft:sprint_one_cm":77567,"minecraft:damage_taken":145,"minecraft:walk_one_cm":54623,"minecraft:damage_blocked_by_shield":20,"minecraft:mob_kills":9,"minecraft:damage_dealt":2473,"minecraft:swim_one_cm":6302,"minecraft:interact_with_crafting_table":6,"minecraft:fly_one_cm":58868,"minecraft:open_chest":3,"minecraft:crouch_one_cm":3450,"minecraft:play_time":25240,"minecraft:sneak_time":2764,"minecraft:walk_under_water_one_cm":441,"minecraft:jump":439,"minecraft:leave_game":1,"minecraft:walk_on_water_one_cm":1444,"minecraft:time_since_death":25240,"minecraft:sleep_in_bed":2,"minecraft:total_world_time":25240,"minecraft:fall_one_cm":11490},"minecraft:broken":{"minecraft:wooden_pickaxe":1},"minecraft:mined":{"minecraft:hay_block":11,"minecraft:white_bed":1,"minecraft:torch":2,"minecraft:short_grass":20,"minecraft:grass_block":1,"minecraft:coal_ore":27,"minecraft:oak_log":10,"minecraft:dirt":2,"minecraft:cobweb":1,"minecraft:cobblestone":1,"minecraft:stone":51,"minecraft:oak_leaves":1},"minecraft:used":{"minecraft:wooden_axe":2,"minecraft:stone_sword":9,"minecraft:bread":1,"minecraft:iron_pickaxe":82,"minecraft:oak_planks":3,"minecraft:shield":1,"minecraft:wooden_pickaxe":30,"minecraft:stone_axe":13,"minecraft:torch":24,"minecraft:cobblestone":16,"minecraft:crafting_table":2,"minecraft:furnace":3,"minecraft:white_bed":1,"minecraft:cooked_beef":2},"minecraft:killed":{"minecraft:sheep":6,"minecraft:spider":1,"minecraft:iron_golem":2}},"DataVersion":3953}