{"stats":{"minecraft:broken":{"minecraft:stone_shovel":1},"minecraft:mined":{"minecraft:spruce_planks":2,"minecraft:white_bed":4,"minecraft:farmland":1,"minecraft:oak_door":2,"minecraft:cobblestone_stairs":2,"minecraft:acacia_log":2,"minecraft:grass_block":107,"minecraft:composter":3,"minecraft:hay_block":53,"minecraft:tall_seagrass":23,"minecraft:oak_trapdoor":1,"minecraft:furnace":2,"minecraft:acacia_wood":2,"minecraft:fletching_table":2,"minecraft:bell":1,"minecraft:dirt_path":9,"minecraft:vine":1,"minecraft:stripped_oak_log":2,"minecraft:bamboo":7,"minecraft:stone":56,"minecraft:melon_stem":1,"minecraft:dandelion":3,"minecraft:crafting_table":5,"minecraft:torch":14,"minecraft:short_grass":257,"minecraft:poppy":1,"minecraft:melon":14,"minecraft:chest":2,"minecraft:glass":2,"minecraft:tall_grass":4,"minecraft:cobblestone":7,"minecraft:oak_planks":1,"minecraft:lily_pad":2,"minecraft:sugar_cane":5,"minecraft:wall_torch":4,"minecraft:seagrass":17,"minecraft:wheat":53,"minecraft:stripped_oak_wood":2,"minecraft:yellow_bed":3,"minecraft:oak_log":39,"minecraft:coal_ore":18,"minecraft:sand":99,"minecraft:dirt":197,"minecraft:red_mushroom_block":1,"minecraft:stonecutter":1,"minecraft:oak_leaves":5,"minecraft:fern":25},"minecraft:killed_by":{"minecraft:zombie":5},"minecraft:custom":{"minecraft:mob_kills":22,"minecraft:interact_with_crafting_table":30,"minecraft:bell_ring":1,"minecraft:time_since_death":68892,"minecraft:climb_one_cm":7456,"minecraft:sprint_one_cm":359116,"minecraft:walk_one_cm":244278,"minecraft:drop":57,"minecraft:talked_to_villager":32,"minecraft:play_time":132097,"minecraft:deaths":6,"minecraft:sneak_time":2357,"minecraft:walk_under_water_one_cm":19461,"minecraft:boat_one_cm":140608,"minecraft:jump":2707,"minecraft:walk_on_water_one_cm":31655,"minecraft:total_world_time":132097,"minecraft:interact_with_furnace":35,"minecraft:traded_with_villager":5,"minecraft:sleep_in_bed":13,"minecraft:time_since_rest":7,"minecraft:damage_taken":3384,"minecraft:damage_dealt":4008,"minecraft:swim_one_cm":185040,"minecraft:fly_one_cm":619964,"minecraft:open_chest":42,"minecraft:crouch_one_cm":6423,"minecraft:fall_one_cm":70483},"minecraft:used":{"minecraft:oak_fence":1,"minecraft:oak_trapdoor":3,"minecraft:stone_sword":132,"minecraft:iron_shovel":248,"minecraft:stone_shovel":135,"minecraft:chest":3,"minecraft:stone_hoe":133,"minecraft:iron_chestplate":1,"minecraft:torch":20,"minecraft:dirt":92,"minecraft:glass":71,"minecraft:wooden_axe":9,"minecraft:iron_axe":21,"minecraft:bamboo":4,"minecraft:bow":1,"minecraft:furnace":4,"minecraft:oak_sapling":1,"minecraft:wheat_seeds":78,"minecraft:cooked_mutton":8,"minecraft:acacia_boat":5,"minecraft:water_bucket":3,"minecraft:stone_pickaxe":64,"minecraft:oak_planks":7,"minecraft:wooden_pickaxe":14,"minecraft:composter":5,"minecraft:fletching_table":2,"minecraft:sugar_cane":15,"minecraft:sand":8,"minecraft:crafting_table":7,"minecraft:white_bed":5,"minecraft:melon_slice":35,"minecraft:bread":20,"minecraft:iron_pickaxe":13,"minecraft:stone_axe":103,"minecraft:wooden_sword":4,"minecraft:cobblestone":14,"minecraft:cooked_porkchop":3,"minecraft:bucket":3,"minecraft:yellow_bed":2,"minecraft:oak_boat":3,"minecraft:dandelion":1},"minecraft:dropped":{"minecraft:oak_slab":41,"minecraft:wheat_seeds":21,"minecraft:cobblestone":5,"minecraft:leather":3,"minecraft:coal":23,"minecraft:dirt":203,"minecraft:wooden_axe":1,"minecraft:melon_slice":2,"minecraft:wooden_sword":1,"minecraft:sand":1,"minecraft:acacia_planks":13,"minecraft:dandelion":2,"minecraft:oak_planks":4,"minecraft:filled_map":1,"minecraft:iron_chestplate":1,"minecraft:melon_seeds":1,"minecraft:oak_sapling":6,"minecraft:bamboo":7,"minecraft:wooden_pickaxe":1,"minecraft:stone_pickaxe":1},"minecraft:crafted":{"minecraft:wooden_sword":1,"minecraft:oak_planks":160,"minecraft:stone_shovel":1,"minecraft:furnace":3,"minecraft:cooked_mutton":9,"minecraft:oak_trapdoor":2,"minecraft:glass":63,"minecraft:bow":1,"minecraft:iron_axe":1,"minecraft:stone_pickaxe":1,"minecraft:chest":1,"minecraft:stone_hoe":1,"minecraft:wheat":468,"minecraft:oak_slab":12,"minecraft:emerald":4,"minecraft:cooked_porkchop":3,"minecraft:crafting_table":3,"minecraft:wooden_pickaxe":1,"minecraft:iron_sword":1,"minecraft:bucket":1,"minecraft:stone_axe":2,"minecraft:bread":128,"minecraft:acacia_boat":2,"minecraft:air":0,"minecraft:oak_boat":1,"minecraft:shield":1,"minecraft:stick":180,"minecraft:iron_ingot":5,"minecraft:iron_pickaxe":1,"minecraft:wooden_axe":2,"minecraft:stone_sword":2,"minecraft:iron_shovel":1,"minecraft:white_bed":1,"minecraft:composter":1,"minecraft:acacia_planks":16},"minecraft:picked_up":{"minecraft:crafting_table":6,"minecraft:iron_chestplate":2,"minecraft:wheat":56,"minecraft:chicken":4,"minecraft:lead":13,"minecraft:enchanted_book":3,"minecraft:oak_trapdoor":1,"minecraft:gold_nugget":3,"minecraft:spruce_planks":1,"minecraft:oak_boat":2,"minecraft:melon_slice":99,"minecraft:sugar_cane":15,"minecraft:chest":2,"minecraft:furnace":2,"minecraft:stick":7,"minecraft:raw_iron":5,"minecraft:composter":4,"minecraft:oak_fence":1,"minecraft:torch":27,"minecraft:acacia_log":2,"minecraft:porkchop":3,"minecraft:stone_sword":2,"minecraft:arrow":2,"minecraft:rotten_flesh":14,"minecraft:hay_block":52,"minecraft:mutton":9,"minecraft:white_wool":15,"minecraft:cobblestone":61,"minecraft:stripped_oak_log":2,"minecraft:leather":4,"minecraft:acacia_wood":2,"minecraft:oak_log":39,"minecraft:lily_pad":2,"minecraft:yellow_bed":2,"minecraft:acacia_boat":4,"minecraft:dirt":295,"minecraft:bone":1,"minecraft:acacia_planks":7,"minecraft:wheat_seeds":106,"minecraft:bell":1,"minecraft:stone_pickaxe":2,"minecraft:iron_ingot":8,"minecraft:fletching_table":2,"minecraft:bamboo":42,"minecraft:oak_planks":13,"minecraft:oak_slab":36,"minecraft:dandelion":3,"minecraft:sand":106,"minecraft:white_bed":4,"minecraft:stone_axe":2,"minecraft:emerald":3,"minecraft:bread":12,"minecraft:oak_sapling":7,"minecraft:melon_seeds":1,"minecraft:coal":54},"minecraft:killed":{"minecraft:spider":2,"minecraft:skeleton":2,"minecraft:chicken":2,"minecraft:pig":1,"minecraft:iron_golem":1,"minecraft:sheep":6,"minecraft:zombie":6,"minecraft:villager":1}},"DataVersion":3953}