{"stats":{"minecraft:broken":{"minecraft:stone_shovel":1},"minecraft:mined":{"minecraft:tuff":2,"minecraft:spruce_planks":2,"minecraft:white_bed":4,"minecraft:farmland":1,"minecraft:deepslate_diamond_ore":2,"minecraft:oak_door":2,"minecraft:cobblestone_stairs":2,"minecraft:acacia_log":2,"minecraft:grass_block":123,"minecraft:composter":3,"minecraft:moss_block":6,"minecraft:hay_block":53,"minecraft:tall_seagrass":23,"minecraft:oak_trapdoor":1,"minecraft:furnace":4,"minecraft:iron_ore":22,"minecraft:acacia_wood":2,"minecraft:fletching_table":2,"minecraft:bell":1,"minecraft:potatoes":1,"minecraft:dirt_path":10,"minecraft:deepslate_iron_ore":9,"minecraft:vine":1,"minecraft:stripped_oak_log":2,"minecraft:bamboo":7,"minecraft:azalea":1,"minecraft:stone":71,"minecraft:deepslate_redstone_ore":7,"minecraft:flowering_azalea":5,"minecraft:melon_stem":1,"minecraft:dandelion":3,"minecraft:crafting_table":5,"minecraft:torch":14,"minecraft:short_grass":297,"minecraft:poppy":1,"minecraft:melon":14,"minecraft:chest":2,"minecraft:tall_grass":10,"minecraft:glass":4,"minecraft:cobblestone":9,"minecraft:deepslate_gold_ore":3,"minecraft:oak_planks":2,"minecraft:lily_pad":2,"minecraft:sugar_cane":5,"minecraft:wall_torch":5,"minecraft:seagrass":17,"minecraft:wheat":73,"minecraft:stripped_oak_wood":2,"minecraft:yellow_bed":5,"minecraft:oak_log":135,"minecraft:coal_ore":18,"minecraft:dirt":215,"minecraft:sand":105,"minecraft:red_mushroom_block":1,"minecraft:stonecutter":1,"minecraft:gold_ore":4,"minecraft:oak_leaves":6,"minecraft:deepslate":25,"minecraft:fern":26},"minecraft:killed_by":{"minecraft:skeleton":4,"minecraft:zombie":5},"minecraft:custom":{"minecraft:mob_kills":31,"minecraft:interact_with_crafting_table":50,"minecraft:bell_ring":5,"minecraft:leave_game":2,"minecraft:time_since_death":11035,"minecraft:climb_one_cm":10078,"minecraft:sprint_one_cm":561614,"minecraft:walk_one_cm":375769,"minecraft:damage_blocked_by_shield":1215,"minecraft:drop":91,"minecraft:talked_to_villager":40,"minecraft:play_time":233437,"minecraft:sneak_time":3939,"minecraft:deaths":10,"minecraft:walk_under_water_one_cm":41958,"minecraft:boat_one_cm":140608,"minecraft:jump":4779,"minecraft:walk_on_water_one_cm":48269,"minecraft:total_world_time":233437,"minecraft:interact_with_furnace":71,"minecraft:traded_with_villager":24,"minecraft:sleep_in_bed":17,"minecraft:time_since_rest":11063,"minecraft:damage_taken":5647,"minecraft:damage_dealt":6378,"minecraft:swim_one_cm":197504,"minecraft:fly_one_cm":1048640,"minecraft:open_chest":87,"minecraft:crouch_one_cm":10314,"minecraft:fall_one_cm":150055},"minecraft:used":{"minecraft:oak_fence":1,"minecraft:oak_trapdoor":3,"minecraft:moss_block":3,"minecraft:moss_carpet":3,"minecraft:stone_sword":132,"minecraft:iron_shovel":248,"minecraft:tropical_fish":2,"minecraft:stone_shovel":135,"minecraft:chest":4,"minecraft:shield":24,"minecraft:iron_sword":18,"minecraft:stone":10,"minecraft:bell":1,"minecraft:stone_hoe":133,"minecraft:iron_chestplate":3,"minecraft:torch":26,"minecraft:dirt":136,"minecraft:wheat":68,"minecraft:tuff":2,"minecraft:glass":72,"minecraft:wooden_axe":9,"minecraft:iron_axe":123,"minecraft:iron_helmet":2,"minecraft:iron_boots":2,"minecraft:bamboo":4,"minecraft:bow":3,"minecraft:oak_sapling":7,"minecraft:furnace":5,"minecraft:egg":3,"minecraft:potato":22,"minecraft:cobbled_deepslate":19,"minecraft:acacia_planks":1,"minecraft:iron_leggings":3,"minecraft:wheat_seeds":136,"minecraft:cooked_mutton":8,"minecraft:acacia_boat":7,"minecraft:water_bucket":25,"minecraft:stone_pickaxe":64,"minecraft:oak_planks":10,"minecraft:wooden_pickaxe":14,"minecraft:composter":6,"minecraft:sugar_cane":15,"minecraft:fletching_table":2,"minecraft:sand":8,"minecraft:crafting_table":7,"minecraft:white_bed":5,"minecraft:melon_slice":35,"minecraft:bread":52,"minecraft:iron_pickaxe":106,"minecraft:stone_axe":103,"minecraft:diamond_sword":50,"minecraft:wooden_sword":4,"minecraft:cobblestone":20,"minecraft:cooked_porkchop":3,"minecraft:bucket":26,"minecraft:oak_boat":3,"minecraft:yellow_bed":4,"minecraft:dandelion":1},"minecraft:crafted":{"minecraft:wooden_sword":1,"minecraft:oak_planks":540,"minecraft:stone_shovel":2,"minecraft:furnace":3,"minecraft:stone":10,"minecraft:cooked_mutton":9,"minecraft:oak_trapdoor":2,"minecraft:glass":68,"minecraft:bow":1,"minecraft:iron_boots":1,"minecraft:iron_axe":1,"minecraft:stone_pickaxe":1,"minecraft:chest":2,"minecraft:stone_hoe":1,"minecraft:minecart":1,"minecraft:wheat":468,"minecraft:oak_slab":12,"minecraft:diamond_sword":1,"minecraft:emerald":23,"minecraft:cooked_porkchop":3,"minecraft:crafting_table":4,"minecraft:iron_helmet":2,"minecraft:wooden_pickaxe":1,"minecraft:iron_sword":1,"minecraft:bucket":1,"minecraft:stone_axe":2,"minecraft:bread":128,"minecraft:acacia_boat":2,"minecraft:air":0,"minecraft:oak_boat":1,"minecraft:wooden_hoe":1,"minecraft:shield":1,"minecraft:stick":860,"minecraft:iron_ingot":36,"minecraft:iron_pickaxe":1,"minecraft:wooden_axe":2,"minecraft:stone_sword":2,"minecraft:iron_shovel":1,"minecraft:iron_leggings":1,"minecraft:white_bed":1,"minecraft:composter":1,"minecraft:acacia_planks":16},"minecraft:dropped":{"minecraft:stone_hoe":1,"minecraft:iron_ingot":5,"minecraft:oak_slab":41,"minecraft:wheat_seeds":36,"minecraft:cobblestone":19,"minecraft:lead":1,"minecraft:leather":3,"minecraft:tropical_fish":1,"minecraft:coal":23,"minecraft:stick":9,"minecraft:dirt":205,"minecraft:wooden_hoe":1,"minecraft:wooden_axe":1,"minecraft:melon_slice":2,"minecraft:wooden_sword":1,"minecraft:bone_meal":10,"minecraft:sand":19,"minecraft:acacia_planks":13,"minecraft:dandelion":2,"minecraft:bone":1,"minecraft:stone_shovel":1,"minecraft:rotten_flesh":2,"minecraft:oak_planks":5,"minecraft:filled_map":1,"minecraft:iron_chestplate":1,"minecraft:melon_seeds":1,"minecraft:oak_sapling":6,"minecraft:bamboo":7,"minecraft:stone_pickaxe":1,"minecraft:bow":2,"minecraft:glass":4,"minecraft:wooden_pickaxe":1},"minecraft:picked_up":{"minecraft:crafting_table":8,"minecraft:iron_chestplate":4,"minecraft:wheat":76,"minecraft:chicken":4,"minecraft:lead":13,"minecraft:diamond_sword":1,"minecraft:enchanted_book":3,"minecraft:shield":2,"minecraft:oak_trapdoor":1,"minecraft:moss_carpet":4,"minecraft:iron_axe":2,"minecraft:iron_leggings":2,"minecraft:gold_nugget":3,"minecraft:cobbled_deepslate":24,"minecraft:spruce_planks":1,"minecraft:oak_boat":2,"minecraft:azalea":1,"minecraft:iron_pickaxe":2,"minecraft:melon_slice":99,"minecraft:sugar_cane":15,"minecraft:chest":2,"minecraft:furnace":6,"minecraft:iron_boots":2,"minecraft:egg":3,"minecraft:stick":109,"minecraft:raw_iron":46,"minecraft:composter":4,"minecraft:oak_fence":1,"minecraft:torch":33,"minecraft:acacia_log":2,"minecraft:porkchop":3,"minecraft:redstone":72,"minecraft:stone_sword":2,"minecraft:arrow":4,"minecraft:rotten_flesh":16,"minecraft:tropical_fish":3,"minecraft:hay_block":52,"minecraft:mutton":9,"minecraft:white_wool":15,"minecraft:cobblestone":83,"minecraft:stripped_oak_log":2,"minecraft:leather":4,"minecraft:acacia_wood":2,"minecraft:potato":3,"minecraft:tuff":2,"minecraft:oak_log":134,"minecraft:lily_pad":2,"minecraft:yellow_bed":4,"minecraft:acacia_boat":5,"minecraft:dirt":341,"minecraft:bone":8,"minecraft:acacia_planks":8,"minecraft:bow":1,"minecraft:wheat_seeds":180,"minecraft:raw_gold":19,"minecraft:bell":1,"minecraft:iron_ingot":18,"minecraft:stone_pickaxe":2,"minecraft:fletching_table":2,"minecraft:bamboo":42,"minecraft:moss_block":4,"minecraft:flowering_azalea":3,"minecraft:oak_planks":14,"minecraft:oak_slab":36,"minecraft:dandelion":3,"minecraft:sand":130,"minecraft:white_bed":4,"minecraft:dispenser":1,"minecraft:diamond":2,"minecraft:stone_axe":2,"minecraft:bone_meal":10,"minecraft:bread":110,"minecraft:emerald":41,"minecraft:oak_sapling":7,"minecraft:melon_seeds":1,"minecraft:coal":54},"minecraft:killed":{"minecraft:spider":2,"minecraft:skeleton":6,"minecraft:chicken":2,"minecraft:pig":1,"minecraft:iron_golem":1,"minecraft:creeper":1,"minecraft:sheep":6,"minecraft:zombie":10,"minecraft:villager":1}},"DataVersion":3953}