{"stats":{"minecraft:crafted":{"minecraft:wooden_sword":1,"minecraft:oak_planks":44,"minecraft:cooked_porkchop":3,"minecraft:crafting_table":2,"minecraft:wooden_pickaxe":1,"minecraft:furnace":1,"minecraft:stone_axe":1,"minecraft:cooked_mutton":9,"minecraft:air":0,"minecraft:oak_boat":1,"minecraft:stick":20,"minecraft:stone_pickaxe":1,"minecraft:wooden_axe":2,"minecraft:stone_sword":1,"minecraft:white_bed":1},"minecraft:picked_up":{"minecraft:crafting_table":4,"minecraft:oak_log":12,"minecraft:lily_pad":2,"minecraft:dirt":6,"minecraft:spruce_planks":1,"minecraft:oak_boat":2,"minecraft:bamboo":42,"minecraft:melon_slice":21,"minecraft:furnace":2,"minecraft:porkchop":3,"minecraft:white_bed":2,"minecraft:oak_sapling":1,"minecraft:mutton":9,"minecraft:coal":9,"minecraft:white_wool":6,"minecraft:cobblestone":26},"minecraft:custom":{"minecraft:interact_with_furnace":8,"minecraft:mob_kills":7,"minecraft:interact_with_crafting_table":9,"minecraft:time_since_death":55226,"minecraft:sleep_in_bed":1,"minecraft:climb_one_cm":1965,"minecraft:time_since_rest":15622,"minecraft:sprint_one_cm":112576,"minecraft:damage_taken":850,"minecraft:walk_one_cm":40030,"minecraft:drop":11,"minecraft:damage_dealt":707,"minecraft:swim_one_cm":166902,"minecraft:fly_one_cm":256123,"minecraft:open_chest":5,"minecraft:crouch_one_cm":711,"minecraft:play_time":59596,"minecraft:deaths":1,"minecraft:sneak_time":268,"minecraft:walk_under_water_one_cm":15916,"minecraft:boat_one_cm":120218,"minecraft:jump":1055,"minecraft:walk_on_water_one_cm":29088,"minecraft:total_world_time":59596,"minecraft:fall_one_cm":25418},"minecraft:mined":{"minecraft:spruce_planks":2,"minecraft:white_bed":2,"minecraft:crafting_table":4,"minecraft:short_grass":18,"minecraft:grass_block":5,"minecraft:melon":5,"minecraft:lily_pad":2,"minecraft:seagrass":17,"minecraft:tall_seagrass":23,"minecraft:furnace":2,"minecraft:oak_log":12,"minecraft:coal_ore":2,"minecraft:vine":1,"minecraft:dirt":2,"minecraft:bamboo":7,"minecraft:red_mushroom_block":1,"minecraft:stone":26,"minecraft:oak_leaves":2,"minecraft:fern":1},"minecraft:killed":{"minecraft:pig":1,"minecraft:sheep":6},"minecraft:used":{"minecraft:cooked_mutton":8,"minecraft:stone_sword":11,"minecraft:stone_pickaxe":16,"minecraft:wooden_pickaxe":14,"minecraft:dirt":6,"minecraft:crafting_table":4,"minecraft:white_bed":2,"minecraft:wooden_axe":9,"minecraft:bamboo":4,"minecraft:stone_axe":18,"minecraft:wooden_sword":4,"minecraft:cobblestone":9,"minecraft:furnace":2,"minecraft:oak_sapling":1,"minecraft:cooked_porkchop":3,"minecraft:oak_boat":2},"minecraft:dropped":{"minecraft:filled_map":1,"minecraft:wooden_axe":1,"minecraft:wooden_sword":1,"minecraft:bamboo":7,"minecraft:wooden_pickaxe":1}},"DataVersion":3953}