{"stats":{"minecraft:broken":{"minecraft:stone_shovel":1},"minecraft:mined":{"minecraft:spruce_planks":2,"minecraft:white_bed":4,"minecraft:melon_stem":1,"minecraft:dandelion":2,"minecraft:crafting_table":5,"minecraft:short_grass":166,"minecraft:acacia_log":2,"minecraft:poppy":1,"minecraft:grass_block":74,"minecraft:melon":14,"minecraft:chest":2,"minecraft:tall_grass":1,"minecraft:cobblestone":5,"minecraft:lily_pad":2,"minecraft:hay_block":30,"minecraft:seagrass":17,"minecraft:tall_seagrass":23,"minecraft:furnace":2,"minecraft:wheat":47,"minecraft:acacia_wood":2,"minecraft:yellow_bed":2,"minecraft:bell":1,"minecraft:coal_ore":18,"minecraft:oak_log":28,"minecraft:vine":1,"minecraft:sand":3,"minecraft:dirt":54,"minecraft:bamboo":7,"minecraft:red_mushroom_block":1,"minecraft:stone":51,"minecraft:oak_leaves":5,"minecraft:fern":25},"minecraft:killed_by":{"minecraft:zombie":5},"minecraft:custom":{"minecraft:interact_with_furnace":14,"minecraft:mob_kills":19,"minecraft:traded_with_villager":3,"minecraft:interact_with_crafting_table":23,"minecraft:time_since_death":32892,"minecraft:sleep_in_bed":7,"minecraft:climb_one_cm":7456,"minecraft:time_since_rest":10728,"minecraft:sprint_one_cm":240392,"minecraft:damage_taken":3161,"minecraft:walk_one_cm":117621,"minecraft:drop":36,"minecraft:damage_dealt":3379,"minecraft:talked_to_villager":7,"minecraft:swim_one_cm":185040,"minecraft:fly_one_cm":441132,"minecraft:open_chest":13,"minecraft:crouch_one_cm":1259,"minecraft:play_time":96097,"minecraft:deaths":6,"minecraft:sneak_time":761,"minecraft:walk_under_water_one_cm":19461,"minecraft:boat_one_cm":140608,"minecraft:jump":1927,"minecraft:walk_on_water_one_cm":31057,"minecraft:total_world_time":96097,"minecraft:fall_one_cm":50829},"minecraft:used":{"minecraft:cooked_mutton":8,"minecraft:acacia_boat":1,"minecraft:stone_sword":113,"minecraft:stone_shovel":135,"minecraft:stone_pickaxe":64,"minecraft:oak_planks":6,"minecraft:chest":2,"minecraft:wooden_pickaxe":14,"minecraft:stone_hoe":32,"minecraft:iron_chestplate":1,"minecraft:dirt":21,"minecraft:crafting_table":7,"minecraft:white_bed":4,"minecraft:wooden_axe":9,"minecraft:bread":12,"minecraft:melon_slice":27,"minecraft:iron_pickaxe":1,"minecraft:bamboo":4,"minecraft:stone_axe":97,"minecraft:wooden_sword":4,"minecraft:cobblestone":14,"minecraft:bow":1,"minecraft:oak_sapling":1,"minecraft:furnace":4,"minecraft:cooked_porkchop":3,"minecraft:oak_boat":3},"minecraft:dropped":{"minecraft:oak_slab":36,"minecraft:wheat_seeds":14,"minecraft:oak_planks":4,"minecraft:coal":23,"minecraft:dirt":92,"minecraft:filled_map":1,"minecraft:iron_chestplate":1,"minecraft:wooden_axe":1,"minecraft:melon_seeds":1,"minecraft:melon_slice":2,"minecraft:oak_sapling":1,"minecraft:wooden_sword":1,"minecraft:bamboo":7,"minecraft:stone_pickaxe":1,"minecraft:wooden_pickaxe":1,"minecraft:acacia_planks":12},"minecraft:crafted":{"minecraft:wooden_sword":1,"minecraft:oak_slab":12,"minecraft:oak_planks":108,"minecraft:stone_shovel":1,"minecraft:emerald":2,"minecraft:cooked_porkchop":3,"minecraft:crafting_table":3,"minecraft:wooden_pickaxe":1,"minecraft:furnace":3,"minecraft:bucket":1,"minecraft:stone_axe":2,"minecraft:acacia_boat":2,"minecraft:cooked_mutton":9,"minecraft:air":0,"minecraft:oak_boat":1,"minecraft:bow":1,"minecraft:stick":116,"minecraft:iron_shovel":1,"minecraft:iron_pickaxe":1,"minecraft:stone_pickaxe":1,"minecraft:wooden_axe":2,"minecraft:stone_sword":2,"minecraft:chest":1,"minecraft:white_bed":1,"minecraft:acacia_planks":16,"minecraft:stone_hoe":1},"minecraft:picked_up":{"minecraft:iron_chestplate":2,"minecraft:wheat":56,"minecraft:crafting_table":6,"minecraft:chicken":4,"minecraft:lead":2,"minecraft:acacia_wood":2,"minecraft:enchanted_book":3,"minecraft:oak_log":28,"minecraft:lily_pad":2,"minecraft:yellow_bed":2,"minecraft:dirt":113,"minecraft:acacia_planks":6,"minecraft:wheat_seeds":85,"minecraft:gold_nugget":3,"minecraft:bell":1,"minecraft:spruce_planks":1,"minecraft:iron_ingot":8,"minecraft:stone_pickaxe":2,"minecraft:oak_boat":2,"minecraft:bamboo":42,"minecraft:melon_slice":99,"minecraft:chest":2,"minecraft:oak_planks":12,"minecraft:raw_iron":5,"minecraft:furnace":2,"minecraft:oak_slab":36,"minecraft:stick":7,"minecraft:composter":1,"minecraft:torch":1,"minecraft:dandelion":2,"minecraft:acacia_log":2,"minecraft:porkchop":3,"minecraft:sand":1,"minecraft:white_bed":4,"minecraft:arrow":1,"minecraft:rotten_flesh":14,"minecraft:stone_sword":2,"minecraft:stone_axe":2,"minecraft:hay_block":29,"minecraft:bread":12,"minecraft:emerald":3,"minecraft:oak_sapling":7,"minecraft:melon_seeds":1,"minecraft:mutton":9,"minecraft:coal":54,"minecraft:white_wool":15,"minecraft:cobblestone":56},"minecraft:killed":{"minecraft:pig":1,"minecraft:spider":2,"minecraft:iron_golem":1,"minecraft:sheep":6,"minecraft:skeleton":1,"minecraft:zombie":5,"minecraft:chicken":2}},"DataVersion":3953}