{"stats":{"minecraft:broken":{"minecraft:iron_shovel":1,"minecraft:stone_shovel":1},"minecraft:mined":{"minecraft:tuff":2,"minecraft:spruce_planks":2,"minecraft:white_bed":4,"minecraft:farmland":1,"minecraft:deepslate_diamond_ore":10,"minecraft:oak_door":2,"minecraft:cobblestone_stairs":2,"minecraft:granite":4,"minecraft:cave_vines_plant":1,"minecraft:acacia_log":5,"minecraft:grass_block":130,"minecraft:composter":3,"minecraft:moss_block":30,"minecraft:hay_block":58,"minecraft:tall_seagrass":23,"minecraft:oak_trapdoor":1,"minecraft:furnace":5,"minecraft:cobbled_deepslate":1,"minecraft:fire":2,"minecraft:iron_ore":25,"minecraft:acacia_wood":2,"minecraft:andesite":14,"minecraft:moss_carpet":1,"minecraft:fletching_table":2,"minecraft:bell":1,"minecraft:cave_vines":1,"minecraft:potatoes":1,"minecraft:dirt_path":10,"minecraft:deepslate_iron_ore":9,"minecraft:vine":1,"minecraft:rail":1,"minecraft:stripped_oak_log":16,"minecraft:bamboo":7,"minecraft:azalea":5,"minecraft:stone":132,"minecraft:orange_bed":1,"minecraft:deepslate_redstone_ore":7,"minecraft:flowering_azalea":5,"minecraft:glass_pane":1,"minecraft:melon_stem":1,"minecraft:dandelion":5,"minecraft:clay":3,"minecraft:crafting_table":7,"minecraft:torch":16,"minecraft:short_grass":320,"minecraft:poppy":1,"minecraft:melon":17,"minecraft:chest":2,"minecraft:tall_grass":11,"minecraft:glass":4,"minecraft:cobblestone":41,"minecraft:diorite":11,"minecraft:deepslate_gold_ore":3,"minecraft:oak_planks":24,"minecraft:lily_pad":2,"minecraft:sugar_cane":5,"minecraft:wall_torch":6,"minecraft:seagrass":17,"minecraft:wheat":73,"minecraft:stripped_oak_wood":2,"minecraft:yellow_bed":5,"minecraft:oak_log":142,"minecraft:coal_ore":22,"minecraft:dirt":257,"minecraft:sand":106,"minecraft:red_mushroom_block":1,"minecraft:stonecutter":1,"minecraft:gold_ore":4,"minecraft:oak_leaves":6,"minecraft:deepslate":36,"minecraft:fern":32},"minecraft:killed_by":{"minecraft:player":1,"minecraft:creeper":1,"minecraft:skeleton":6,"minecraft:zombie":10},"minecraft:custom":{"minecraft:mob_kills":47,"minecraft:interact_with_crafting_table":73,"minecraft:bell_ring":5,"minecraft:leave_game":2,"minecraft:time_since_death":4774,"minecraft:climb_one_cm":14355,"minecraft:sprint_one_cm":827257,"minecraft:walk_one_cm":478141,"minecraft:damage_blocked_by_shield":1320,"minecraft:drop":104,"minecraft:talked_to_villager":42,"minecraft:play_time":293437,"minecraft:sneak_time":7758,"minecraft:deaths":20,"minecraft:walk_under_water_one_cm":49467,"minecraft:boat_one_cm":140608,"minecraft:jump":6745,"minecraft:walk_on_water_one_cm":62817,"minecraft:total_world_time":293437,"minecraft:interact_with_furnace":75,"minecraft:traded_with_villager":27,"minecraft:sleep_in_bed":17,"minecraft:time_since_rest":4803,"minecraft:damage_taken":9881,"minecraft:damage_dealt":9753,"minecraft:swim_one_cm":200465,"minecraft:player_kills":3,"minecraft:fly_one_cm":1458352,"minecraft:open_chest":123,"minecraft:crouch_one_cm":20817,"minecraft:fall_one_cm":238838},"minecraft:used":{"minecraft:azalea":2,"minecraft:oak_fence":1,"minecraft:oak_trapdoor":3,"minecraft:moss_block":28,"minecraft:moss_carpet":6,"minecraft:stone_sword":168,"minecraft:iron_shovel":250,"minecraft:tropical_fish":2,"minecraft:stone_shovel":135,"minecraft:chest":4,"minecraft:shield":27,"minecraft:iron_sword":49,"minecraft:stone":54,"minecraft:bell":1,"minecraft:stone_hoe":133,"minecraft:rotten_flesh":2,"minecraft:iron_chestplate":3,"minecraft:torch":29,"minecraft:dirt":159,"minecraft:wheat":68,"minecraft:tuff":2,"minecraft:granite":5,"minecraft:glass":72,"minecraft:wooden_axe":13,"minecraft:iron_axe":161,"minecraft:iron_helmet":3,"minecraft:iron_boots":3,"minecraft:diamond_chestplate":1,"minecraft:bamboo":4,"minecraft:bow":3,"minecraft:oak_sapling":7,"minecraft:furnace":6,"minecraft:egg":4,"minecraft:potato":22,"minecraft:cobbled_deepslate":48,"minecraft:acacia_planks":1,"minecraft:iron_leggings":4,"minecraft:wheat_seeds":136,"minecraft:cooked_mutton":8,"minecraft:acacia_boat":7,"minecraft:water_bucket":25,"minecraft:diorite":9,"minecraft:stone_pickaxe":116,"minecraft:oak_planks":35,"minecraft:wooden_pickaxe":34,"minecraft:composter":6,"minecraft:sugar_cane":15,"minecraft:fletching_table":2,"minecraft:glow_berries":1,"minecraft:sand":8,"minecraft:crafting_table":14,"minecraft:white_bed":5,"minecraft:wooden_hoe":15,"minecraft:diamond_pickaxe":84,"minecraft:melon_slice":36,"minecraft:bread":87,"minecraft:string":1,"minecraft:iron_pickaxe":106,"minecraft:gravel":2,"minecraft:stone_axe":111,"minecraft:diamond_sword":66,"minecraft:wooden_sword":4,"minecraft:cobblestone":78,"minecraft:cooked_porkchop":3,"minecraft:andesite":6,"minecraft:bucket":26,"minecraft:oak_boat":3,"minecraft:yellow_bed":4,"minecraft:stripped_oak_log":1,"minecraft:dandelion":3},"minecraft:crafted":{"minecraft:wooden_sword":2,"minecraft:oak_planks":620,"minecraft:stone_shovel":2,"minecraft:furnace":3,"minecraft:stone":10,"minecraft:cooked_mutton":9,"minecraft:oak_trapdoor":2,"minecraft:glass":68,"minecraft:bow":2,"minecraft:iron_boots":1,"minecraft:iron_axe":1,"minecraft:stone_pickaxe":5,"minecraft:chest":2,"minecraft:stone_hoe":1,"minecraft:minecart":1,"minecraft:wheat":513,"minecraft:oak_slab":12,"minecraft:arrow":32,"minecraft:diamond_sword":2,"minecraft:emerald":23,"minecraft:cooked_porkchop":3,"minecraft:crafting_table":9,"minecraft:iron_helmet":2,"minecraft:wooden_pickaxe":5,"minecraft:iron_sword":1,"minecraft:bucket":1,"minecraft:stone_axe":4,"minecraft:bread":143,"minecraft:acacia_boat":2,"minecraft:air":0,"minecraft:oak_boat":1,"minecraft:wooden_hoe":1,"minecraft:shield":2,"minecraft:stick":896,"minecraft:iron_ingot":36,"minecraft:iron_pickaxe":1,"minecraft:wooden_axe":3,"minecraft:stone_sword":5,"minecraft:iron_shovel":1,"minecraft:iron_leggings":1,"minecraft:white_bed":1,"minecraft:composter":1,"minecraft:acacia_planks":28,"minecraft:diamond_chestplate":1},"minecraft:dropped":{"minecraft:stone_hoe":1,"minecraft:iron_ingot":5,"minecraft:oak_slab":41,"minecraft:wheat_seeds":36,"minecraft:cobblestone":19,"minecraft:lead":1,"minecraft:leather":3,"minecraft:tropical_fish":1,"minecraft:coal":23,"minecraft:stick":9,"minecraft:dirt":205,"minecraft:wooden_hoe":2,"minecraft:wooden_axe":1,"minecraft:melon_slice":2,"minecraft:wooden_sword":1,"minecraft:bone_meal":10,"minecraft:sand":19,"minecraft:acacia_planks":13,"minecraft:dandelion":2,"minecraft:bone":1,"minecraft:moss_carpet":2,"minecraft:stone_sword":2,"minecraft:stone_shovel":1,"minecraft:rotten_flesh":2,"minecraft:clay_ball":8,"minecraft:oak_planks":5,"minecraft:filled_map":1,"minecraft:big_dripleaf":2,"minecraft:iron_chestplate":1,"minecraft:melon_seeds":1,"minecraft:oak_sapling":6,"minecraft:bamboo":7,"minecraft:stone_pickaxe":3,"minecraft:bow":2,"minecraft:glass":4,"minecraft:wooden_pickaxe":5},"minecraft:picked_up":{"minecraft:crafting_table":10,"minecraft:iron_chestplate":4,"minecraft:wheat":76,"minecraft:clay_ball":20,"minecraft:chicken":4,"minecraft:lead":13,"minecraft:diamond_sword":1,"minecraft:wooden_pickaxe":3,"minecraft:enchanted_book":3,"minecraft:shield":4,"minecraft:string":1,"minecraft:oak_trapdoor":1,"minecraft:moss_carpet":9,"minecraft:iron_axe":3,"minecraft:iron_leggings":3,"minecraft:gold_nugget":3,"minecraft:cobbled_deepslate":68,"minecraft:spruce_planks":1,"minecraft:oak_boat":2,"minecraft:azalea":5,"minecraft:iron_pickaxe":4,"minecraft:melon_slice":116,"minecraft:sugar_cane":15,"minecraft:chest":2,"minecraft:furnace":7,"minecraft:iron_boots":3,"minecraft:egg":4,"minecraft:stick":114,"minecraft:raw_iron":49,"minecraft:composter":4,"minecraft:big_dripleaf":4,"minecraft:oak_fence":10,"minecraft:torch":38,"minecraft:acacia_log":5,"minecraft:porkchop":3,"minecraft:diorite":9,"minecraft:redstone":72,"minecraft:orange_bed":1,"minecraft:stone_sword":5,"minecraft:arrow":7,"minecraft:rotten_flesh":25,"minecraft:tropical_fish":3,"minecraft:diamond_boots":1,"minecraft:hay_block":57,"minecraft:rail":5,"minecraft:glow_berries":1,"minecraft:mutton":9,"minecraft:white_wool":15,"minecraft:cobblestone":199,"minecraft:stripped_oak_log":16,"minecraft:andesite":14,"minecraft:leather":4,"minecraft:acacia_wood":2,"minecraft:potato":3,"minecraft:tuff":2,"minecraft:oak_log":141,"minecraft:lily_pad":2,"minecraft:wooden_hoe":1,"minecraft:gunpowder":2,"minecraft:yellow_bed":4,"minecraft:acacia_boat":5,"minecraft:lapis_lazuli":16,"minecraft:dirt":389,"minecraft:bone":11,"minecraft:acacia_planks":8,"minecraft:bow":1,"minecraft:wheat_seeds":183,"minecraft:raw_gold":19,"minecraft:bell":1,"minecraft:iron_ingot":24,"minecraft:stone_pickaxe":7,"minecraft:fletching_table":2,"minecraft:bamboo":42,"minecraft:iron_sword":1,"minecraft:moss_block":30,"minecraft:flowering_azalea":3,"minecraft:oak_planks":69,"minecraft:oak_slab":36,"minecraft:dandelion":5,"minecraft:gravel":2,"minecraft:sand":130,"minecraft:white_bed":4,"minecraft:dispenser":1,"minecraft:diamond":14,"minecraft:stone_axe":3,"minecraft:iron_helmet":1,"minecraft:granite":5,"minecraft:bone_meal":10,"minecraft:bread":152,"minecraft:emerald":41,"minecraft:oak_sapling":7,"minecraft:melon_seeds":1,"minecraft:coal":62,"minecraft:diamond_pickaxe":2,"minecraft:wooden_axe":2},"minecraft:killed":{"minecraft:cave_spider":1,"minecraft:spider":2,"minecraft:skeleton":8,"minecraft:chicken":2,"minecraft:tropical_fish":1,"minecraft:pig":1,"minecraft:iron_golem":1,"minecraft:creeper":2,"minecraft:sheep":6,"minecraft:zombie":18,"minecraft:villager":1}},"DataVersion":3953}