{"stats":{"minecraft:broken":{"minecraft:stone_shovel":1},"minecraft:mined":{"minecraft:tuff":2,"minecraft:spruce_planks":2,"minecraft:white_bed":4,"minecraft:farmland":1,"minecraft:deepslate_diamond_ore":2,"minecraft:oak_door":2,"minecraft:cobblestone_stairs":2,"minecraft:acacia_log":2,"minecraft:grass_block":121,"minecraft:composter":3,"minecraft:hay_block":53,"minecraft:tall_seagrass":23,"minecraft:oak_trapdoor":1,"minecraft:furnace":4,"minecraft:iron_ore":19,"minecraft:acacia_wood":2,"minecraft:fletching_table":2,"minecraft:bell":1,"minecraft:potatoes":1,"minecraft:dirt_path":10,"minecraft:deepslate_iron_ore":7,"minecraft:vine":1,"minecraft:stripped_oak_log":2,"minecraft:bamboo":7,"minecraft:stone":70,"minecraft:deepslate_redstone_ore":2,"minecraft:melon_stem":1,"minecraft:dandelion":3,"minecraft:crafting_table":5,"minecraft:torch":14,"minecraft:short_grass":290,"minecraft:poppy":1,"minecraft:melon":14,"minecraft:chest":2,"minecraft:tall_grass":6,"minecraft:glass":4,"minecraft:cobblestone":9,"minecraft:deepslate_gold_ore":3,"minecraft:lily_pad":2,"minecraft:sugar_cane":5,"minecraft:oak_planks":2,"minecraft:wall_torch":4,"minecraft:seagrass":17,"minecraft:wheat":73,"minecraft:stripped_oak_wood":2,"minecraft:yellow_bed":5,"minecraft:oak_log":135,"minecraft:coal_ore":18,"minecraft:sand":105,"minecraft:dirt":212,"minecraft:red_mushroom_block":1,"minecraft:stonecutter":1,"minecraft:gold_ore":4,"minecraft:oak_leaves":6,"minecraft:deepslate":23,"minecraft:fern":26},"minecraft:killed_by":{"minecraft:zombie":5},"minecraft:custom":{"minecraft:mob_kills":28,"minecraft:interact_with_crafting_table":49,"minecraft:bell_ring":5,"minecraft:leave_game":1,"minecraft:time_since_death":152501,"minecraft:climb_one_cm":8089,"minecraft:sprint_one_cm":486493,"minecraft:walk_one_cm":358113,"minecraft:damage_blocked_by_shield":615,"minecraft:drop":86,"minecraft:talked_to_villager":40,"minecraft:play_time":215706,"minecraft:sneak_time":3620,"minecraft:deaths":6,"minecraft:walk_under_water_one_cm":36105,"minecraft:boat_one_cm":140608,"minecraft:jump":3828,"minecraft:walk_on_water_one_cm":45401,"minecraft:total_world_time":215706,"minecraft:interact_with_furnace":61,"minecraft:traded_with_villager":24,"minecraft:sleep_in_bed":17,"minecraft:time_since_rest":47863,"minecraft:damage_taken":4216,"minecraft:damage_dealt":5662,"minecraft:swim_one_cm":195809,"minecraft:fly_one_cm":852553,"minecraft:open_chest":82,"minecraft:crouch_one_cm":9514,"minecraft:fall_one_cm":105595},"minecraft:used":{"minecraft:oak_fence":1,"minecraft:oak_trapdoor":3,"minecraft:moss_carpet":2,"minecraft:stone_sword":132,"minecraft:iron_shovel":248,"minecraft:tropical_fish":2,"minecraft:stone_shovel":135,"minecraft:chest":4,"minecraft:shield":16,"minecraft:iron_sword":1,"minecraft:bell":1,"minecraft:stone_hoe":133,"minecraft:iron_chestplate":1,"minecraft:torch":23,"minecraft:dirt":131,"minecraft:wheat":68,"minecraft:tuff":2,"minecraft:glass":72,"minecraft:wooden_axe":9,"minecraft:iron_axe":123,"minecraft:iron_helmet":1,"minecraft:iron_boots":1,"minecraft:bamboo":4,"minecraft:bow":2,"minecraft:oak_sapling":7,"minecraft:furnace":5,"minecraft:egg":2,"minecraft:potato":22,"minecraft:cobbled_deepslate":19,"minecraft:acacia_planks":1,"minecraft:iron_leggings":1,"minecraft:wheat_seeds":136,"minecraft:cooked_mutton":8,"minecraft:acacia_boat":7,"minecraft:water_bucket":25,"minecraft:stone_pickaxe":64,"minecraft:oak_planks":10,"minecraft:wooden_pickaxe":14,"minecraft:composter":6,"minecraft:sugar_cane":15,"minecraft:fletching_table":2,"minecraft:sand":8,"minecraft:crafting_table":7,"minecraft:white_bed":5,"minecraft:melon_slice":35,"minecraft:bread":41,"minecraft:iron_pickaxe":93,"minecraft:stone_axe":103,"minecraft:diamond_sword":36,"minecraft:wooden_sword":4,"minecraft:cobblestone":15,"minecraft:cooked_porkchop":3,"minecraft:bucket":26,"minecraft:oak_boat":3,"minecraft:yellow_bed":4,"minecraft:dandelion":1},"minecraft:crafted":{"minecraft:wooden_sword":1,"minecraft:oak_planks":540,"minecraft:stone_shovel":2,"minecraft:furnace":3,"minecraft:cooked_mutton":9,"minecraft:oak_trapdoor":2,"minecraft:glass":68,"minecraft:bow":1,"minecraft:iron_boots":1,"minecraft:iron_axe":1,"minecraft:stone_pickaxe":1,"minecraft:chest":2,"minecraft:stone_hoe":1,"minecraft:minecart":1,"minecraft:wheat":468,"minecraft:oak_slab":12,"minecraft:diamond_sword":1,"minecraft:emerald":23,"minecraft:cooked_porkchop":3,"minecraft:crafting_table":4,"minecraft:iron_helmet":1,"minecraft:wooden_pickaxe":1,"minecraft:iron_sword":1,"minecraft:bucket":1,"minecraft:stone_axe":2,"minecraft:bread":128,"minecraft:acacia_boat":2,"minecraft:air":0,"minecraft:oak_boat":1,"minecraft:wooden_hoe":1,"minecraft:shield":1,"minecraft:stick":860,"minecraft:iron_ingot":31,"minecraft:iron_pickaxe":1,"minecraft:wooden_axe":2,"minecraft:stone_sword":2,"minecraft:iron_shovel":1,"minecraft:iron_leggings":1,"minecraft:white_bed":1,"minecraft:composter":1,"minecraft:acacia_planks":16},"minecraft:dropped":{"minecraft:stone_hoe":1,"minecraft:iron_ingot":5,"minecraft:oak_slab":41,"minecraft:wheat_seeds":23,"minecraft:cobblestone":19,"minecraft:lead":1,"minecraft:leather":3,"minecraft:coal":23,"minecraft:stick":9,"minecraft:dirt":205,"minecraft:wooden_hoe":1,"minecraft:wooden_axe":1,"minecraft:melon_slice":2,"minecraft:wooden_sword":1,"minecraft:bone_meal":10,"minecraft:sand":19,"minecraft:acacia_planks":13,"minecraft:dandelion":2,"minecraft:stone_shovel":1,"minecraft:rotten_flesh":2,"minecraft:oak_planks":5,"minecraft:filled_map":1,"minecraft:iron_chestplate":1,"minecraft:melon_seeds":1,"minecraft:oak_sapling":6,"minecraft:bamboo":7,"minecraft:wooden_pickaxe":1,"minecraft:stone_pickaxe":1,"minecraft:bow":1,"minecraft:glass":4},"minecraft:picked_up":{"minecraft:crafting_table":6,"minecraft:iron_chestplate":2,"minecraft:wheat":76,"minecraft:chicken":4,"minecraft:lead":13,"minecraft:enchanted_book":3,"minecraft:oak_trapdoor":1,"minecraft:moss_carpet":2,"minecraft:gold_nugget":3,"minecraft:cobbled_deepslate":22,"minecraft:spruce_planks":1,"minecraft:oak_boat":2,"minecraft:melon_slice":99,"minecraft:sugar_cane":15,"minecraft:chest":2,"minecraft:furnace":4,"minecraft:egg":2,"minecraft:stick":7,"minecraft:raw_iron":31,"minecraft:composter":4,"minecraft:oak_fence":1,"minecraft:torch":30,"minecraft:acacia_log":2,"minecraft:porkchop":3,"minecraft:redstone":9,"minecraft:stone_sword":2,"minecraft:arrow":2,"minecraft:rotten_flesh":16,"minecraft:tropical_fish":2,"minecraft:hay_block":52,"minecraft:mutton":9,"minecraft:white_wool":15,"minecraft:cobblestone":81,"minecraft:stripped_oak_log":2,"minecraft:leather":4,"minecraft:acacia_wood":2,"minecraft:potato":3,"minecraft:tuff":2,"minecraft:oak_log":134,"minecraft:lily_pad":2,"minecraft:yellow_bed":4,"minecraft:acacia_boat":5,"minecraft:dirt":336,"minecraft:bone":3,"minecraft:acacia_planks":8,"minecraft:wheat_seeds":166,"minecraft:raw_gold":7,"minecraft:bell":1,"minecraft:iron_ingot":13,"minecraft:stone_pickaxe":2,"minecraft:fletching_table":2,"minecraft:bamboo":42,"minecraft:oak_planks":14,"minecraft:oak_slab":36,"minecraft:dandelion":3,"minecraft:sand":130,"minecraft:white_bed":4,"minecraft:dispenser":1,"minecraft:diamond":2,"minecraft:stone_axe":2,"minecraft:bone_meal":10,"minecraft:bread":12,"minecraft:emerald":3,"minecraft:oak_sapling":7,"minecraft:melon_seeds":1,"minecraft:coal":54},"minecraft:killed":{"minecraft:spider":2,"minecraft:skeleton":4,"minecraft:chicken":2,"minecraft:pig":1,"minecraft:iron_golem":1,"minecraft:creeper":1,"minecraft:sheep":6,"minecraft:zombie":9,"minecraft:villager":1}},"DataVersion":3953}