{"stats":{"minecraft:crafted":{"minecraft:wooden_sword":1,"minecraft:oak_planks":44,"minecraft:cooked_porkchop":3,"minecraft:crafting_table":2,"minecraft:stick":12,"minecraft:wooden_pickaxe":1,"minecraft:stone_pickaxe":1,"minecraft:wooden_axe":2,"minecraft:furnace":1,"minecraft:white_bed":1,"minecraft:cooked_mutton":4,"minecraft:air":0},"minecraft:picked_up":{"minecraft:crafting_table":2,"minecraft:porkchop":3,"minecraft:oak_log":12,"minecraft:white_bed":1,"minecraft:dirt":2,"minecraft:spruce_planks":1,"minecraft:mutton":5,"minecraft:coal":2,"minecraft:white_wool":3,"minecraft:cobblestone":26},"minecraft:custom":{"minecraft:time_since_rest":13263,"minecraft:interact_with_furnace":4,"minecraft:sprint_one_cm":15848,"minecraft:damage_taken":260,"minecraft:walk_one_cm":16287,"minecraft:mob_kills":4,"minecraft:drop":1,"minecraft:damage_dealt":340,"minecraft:interact_with_crafting_table":6,"minecraft:swim_one_cm":66560,"minecraft:fly_one_cm":37416,"minecraft:open_chest":3,"minecraft:crouch_one_cm":30,"minecraft:play_time":17596,"minecraft:deaths":1,"minecraft:sneak_time":133,"minecraft:walk_under_water_one_cm":8600,"minecraft:jump":167,"minecraft:walk_on_water_one_cm":10413,"minecraft:time_since_death":13226,"minecraft:total_world_time":17596,"minecraft:fall_one_cm":4962},"minecraft:mined":{"minecraft:spruce_planks":2,"minecraft:white_bed":1,"minecraft:crafting_table":2,"minecraft:short_grass":4,"minecraft:coal_ore":2,"minecraft:grass_block":1,"minecraft:oak_log":12,"minecraft:dirt":1,"minecraft:stone":26},"minecraft:used":{"minecraft:wooden_axe":9,"minecraft:stone_pickaxe":14,"minecraft:wooden_pickaxe":14,"minecraft:wooden_sword":4,"minecraft:dirt":2,"minecraft:crafting_table":3,"minecraft:cooked_porkchop":1,"minecraft:furnace":1,"minecraft:white_bed":1},"minecraft:killed":{"minecraft:sheep":3,"minecraft:pig":1},"minecraft:dropped":{"minecraft:wooden_pickaxe":1}},"DataVersion":3953}