{"stats":{"minecraft:mined":{"minecraft:spruce_planks":2,"minecraft:white_bed":4,"minecraft:crafting_table":5,"minecraft:short_grass":105,"minecraft:grass_block":6,"minecraft:melon":6,"minecraft:chest":2,"minecraft:tall_grass":1,"minecraft:cobblestone":5,"minecraft:lily_pad":2,"minecraft:hay_block":19,"minecraft:seagrass":17,"minecraft:tall_seagrass":23,"minecraft:furnace":2,"minecraft:yellow_bed":2,"minecraft:bell":1,"minecraft:coal_ore":18,"minecraft:oak_log":24,"minecraft:vine":1,"minecraft:sand":3,"minecraft:dirt":3,"minecraft:bamboo":7,"minecraft:red_mushroom_block":1,"minecraft:stone":51,"minecraft:oak_leaves":2,"minecraft:fern":25},"minecraft:killed_by":{"minecraft:zombie":5},"minecraft:custom":{"minecraft:interact_with_furnace":9,"minecraft:mob_kills":18,"minecraft:traded_with_villager":3,"minecraft:interact_with_crafting_table":16,"minecraft:time_since_death":20892,"minecraft:sleep_in_bed":6,"minecraft:climb_one_cm":7456,"minecraft:time_since_rest":1033,"minecraft:sprint_one_cm":198017,"minecraft:damage_taken":2807,"minecraft:walk_one_cm":86722,"minecraft:drop":17,"minecraft:damage_dealt":3068,"minecraft:talked_to_villager":2,"minecraft:swim_one_cm":185040,"minecraft:fly_one_cm":374689,"minecraft:open_chest":13,"minecraft:crouch_one_cm":1121,"minecraft:play_time":84097,"minecraft:deaths":6,"minecraft:sneak_time":703,"minecraft:walk_under_water_one_cm":19461,"minecraft:boat_one_cm":120218,"minecraft:jump":1685,"minecraft:walk_on_water_one_cm":31057,"minecraft:total_world_time":84097,"minecraft:fall_one_cm":44023},"minecraft:used":{"minecraft:cooked_mutton":8,"minecraft:stone_sword":102,"minecraft:stone_shovel":3,"minecraft:stone_pickaxe":64,"minecraft:chest":2,"minecraft:wooden_pickaxe":14,"minecraft:stone_hoe":21,"minecraft:dirt":8,"minecraft:crafting_table":6,"minecraft:white_bed":4,"minecraft:wooden_axe":9,"minecraft:bread":5,"minecraft:melon_slice":26,"minecraft:iron_pickaxe":1,"minecraft:bamboo":4,"minecraft:stone_axe":77,"minecraft:wooden_sword":4,"minecraft:cobblestone":14,"minecraft:oak_sapling":1,"minecraft:furnace":2,"minecraft:cooked_porkchop":3,"minecraft:oak_boat":3},"minecraft:dropped":{"minecraft:wheat_seeds":8,"minecraft:filled_map":1,"minecraft:wooden_axe":1,"minecraft:melon_slice":2,"minecraft:oak_sapling":1,"minecraft:wooden_sword":1,"minecraft:bamboo":7,"minecraft:wooden_pickaxe":1},"minecraft:crafted":{"minecraft:wooden_sword":1,"minecraft:oak_planks":92,"minecraft:stone_shovel":1,"minecraft:emerald":2,"minecraft:cooked_porkchop":3,"minecraft:crafting_table":2,"minecraft:wooden_pickaxe":1,"minecraft:furnace":2,"minecraft:stone_axe":2,"minecraft:cooked_mutton":9,"minecraft:air":0,"minecraft:oak_boat":1,"minecraft:bow":1,"minecraft:stick":116,"minecraft:iron_pickaxe":1,"minecraft:stone_pickaxe":1,"minecraft:wooden_axe":2,"minecraft:stone_sword":2,"minecraft:chest":1,"minecraft:white_bed":1,"minecraft:stone_hoe":1},"minecraft:picked_up":{"minecraft:wheat":45,"minecraft:crafting_table":6,"minecraft:chicken":4,"minecraft:enchanted_book":3,"minecraft:oak_log":24,"minecraft:lily_pad":2,"minecraft:yellow_bed":2,"minecraft:dirt":8,"minecraft:wheat_seeds":15,"minecraft:gold_nugget":3,"minecraft:bell":1,"minecraft:spruce_planks":1,"minecraft:iron_ingot":3,"minecraft:stone_pickaxe":2,"minecraft:oak_boat":2,"minecraft:bamboo":42,"minecraft:melon_slice":62,"minecraft:chest":2,"minecraft:oak_planks":8,"minecraft:furnace":2,"minecraft:stick":6,"minecraft:porkchop":3,"minecraft:sand":1,"minecraft:white_bed":4,"minecraft:rotten_flesh":14,"minecraft:stone_sword":2,"minecraft:stone_axe":2,"minecraft:hay_block":19,"minecraft:bread":12,"minecraft:emerald":3,"minecraft:oak_sapling":4,"minecraft:mutton":9,"minecraft:coal":46,"minecraft:white_wool":15,"minecraft:cobblestone":56},"minecraft:killed":{"minecraft:pig":1,"minecraft:spider":2,"minecraft:iron_golem":1,"minecraft:sheep":6,"minecraft:zombie":5,"minecraft:chicken":2}},"DataVersion":3953}