{"stats":{"minecraft:crafted":{"minecraft:oak_planks":8,"minecraft:crafting_table":1,"minecraft:stick":4,"minecraft:wooden_axe":1},"minecraft:picked_up":{"minecraft:crafting_table":1,"minecraft:spruce_planks":1,"minecraft:oak_log":3,"minecraft:dirt":2},"minecraft:custom":{"minecraft:time_since_rest":1263,"minecraft:open_chest":3,"minecraft:deaths":1,"minecraft:crouch_one_cm":2,"minecraft:play_time":5596,"minecraft:sprint_one_cm":4886,"minecraft:damage_taken":250,"minecraft:walk_one_cm":2013,"minecraft:sneak_time":103,"minecraft:walk_under_water_one_cm":6632,"minecraft:jump":61,"minecraft:time_since_death":1226,"minecraft:walk_on_water_one_cm":10174,"minecraft:total_world_time":5596,"minecraft:swim_one_cm":60617,"minecraft:interact_with_crafting_table":1,"minecraft:fall_one_cm":987,"minecraft:fly_one_cm":10427},"minecraft:mined":{"minecraft:grass_block":1,"minecraft:oak_log":3,"minecraft:spruce_planks":2,"minecraft:dirt":1,"minecraft:crafting_table":1},"minecraft:used":{"minecraft:wooden_axe":2,"minecraft:dirt":1,"minecraft:crafting_table":1}},"DataVersion":3953}