{"stats":{"minecraft:broken":{"minecraft:iron_shovel":1,"minecraft:stone_shovel":1},"minecraft:mined":{"minecraft:tuff":2,"minecraft:spruce_planks":2,"minecraft:white_bed":4,"minecraft:farmland":1,"minecraft:deepslate_diamond_ore":2,"minecraft:oak_door":2,"minecraft:cobblestone_stairs":2,"minecraft:cave_vines_plant":1,"minecraft:acacia_log":2,"minecraft:grass_block":126,"minecraft:composter":3,"minecraft:moss_block":26,"minecraft:hay_block":58,"minecraft:tall_seagrass":23,"minecraft:oak_trapdoor":1,"minecraft:furnace":5,"minecraft:fire":2,"minecraft:iron_ore":25,"minecraft:acacia_wood":2,"minecraft:moss_carpet":1,"minecraft:fletching_table":2,"minecraft:bell":1,"minecraft:cave_vines":1,"minecraft:potatoes":1,"minecraft:dirt_path":10,"minecraft:deepslate_iron_ore":9,"minecraft:vine":1,"minecraft:rail":1,"minecraft:stripped_oak_log":16,"minecraft:bamboo":7,"minecraft:azalea":5,"minecraft:stone":97,"minecraft:deepslate_redstone_ore":7,"minecraft:flowering_azalea":5,"minecraft:melon_stem":1,"minecraft:dandelion":5,"minecraft:clay":3,"minecraft:crafting_table":6,"minecraft:torch":16,"minecraft:short_grass":319,"minecraft:poppy":1,"minecraft:melon":14,"minecraft:chest":2,"minecraft:tall_grass":10,"minecraft:glass":4,"minecraft:cobblestone":41,"minecraft:deepslate_gold_ore":3,"minecraft:oak_planks":20,"minecraft:lily_pad":2,"minecraft:sugar_cane":5,"minecraft:wall_torch":5,"minecraft:seagrass":17,"minecraft:wheat":73,"minecraft:stripped_oak_wood":2,"minecraft:yellow_bed":5,"minecraft:oak_log":139,"minecraft:coal_ore":22,"minecraft:dirt":217,"minecraft:sand":106,"minecraft:red_mushroom_block":1,"minecraft:stonecutter":1,"minecraft:gold_ore":4,"minecraft:oak_leaves":6,"minecraft:deepslate":26,"minecraft:fern":32},"minecraft:killed_by":{"minecraft:player":1,"minecraft:creeper":1,"minecraft:skeleton":6,"minecraft:zombie":9},"minecraft:custom":{"minecraft:mob_kills":42,"minecraft:interact_with_crafting_table":67,"minecraft:bell_ring":5,"minecraft:leave_game":2,"minecraft:time_since_death":777,"minecraft:climb_one_cm":10575,"minecraft:sprint_one_cm":741643,"minecraft:walk_one_cm":441278,"minecraft:damage_blocked_by_shield":1215,"minecraft:drop":97,"minecraft:talked_to_villager":40,"minecraft:play_time":269437,"minecraft:sneak_time":4409,"minecraft:deaths":18,"minecraft:walk_under_water_one_cm":44193,"minecraft:boat_one_cm":140608,"minecraft:jump":6074,"minecraft:walk_on_water_one_cm":60075,"minecraft:total_world_time":269437,"minecraft:interact_with_furnace":74,"minecraft:traded_with_villager":24,"minecraft:sleep_in_bed":17,"minecraft:time_since_rest":806,"minecraft:damage_taken":9021,"minecraft:damage_dealt":9022,"minecraft:swim_one_cm":199476,"minecraft:player_kills":3,"minecraft:fly_one_cm":1314979,"minecraft:open_chest":112,"minecraft:crouch_one_cm":11101,"minecraft:fall_one_cm":214755},"minecraft:used":{"minecraft:azalea":2,"minecraft:oak_fence":1,"minecraft:oak_trapdoor":3,"minecraft:moss_block":24,"minecraft:moss_carpet":6,"minecraft:stone_sword":168,"minecraft:iron_shovel":250,"minecraft:tropical_fish":2,"minecraft:stone_shovel":135,"minecraft:chest":4,"minecraft:shield":24,"minecraft:iron_sword":49,"minecraft:stone":54,"minecraft:bell":1,"minecraft:stone_hoe":133,"minecraft:rotten_flesh":1,"minecraft:iron_chestplate":3,"minecraft:torch":26,"minecraft:dirt":138,"minecraft:wheat":68,"minecraft:tuff":2,"minecraft:granite":1,"minecraft:glass":72,"minecraft:wooden_axe":13,"minecraft:iron_axe":161,"minecraft:iron_helmet":3,"minecraft:iron_boots":3,"minecraft:bamboo":4,"minecraft:bow":3,"minecraft:oak_sapling":7,"minecraft:furnace":5,"minecraft:egg":4,"minecraft:potato":22,"minecraft:cobbled_deepslate":21,"minecraft:acacia_planks":1,"minecraft:iron_leggings":4,"minecraft:wheat_seeds":136,"minecraft:cooked_mutton":8,"minecraft:acacia_boat":7,"minecraft:water_bucket":25,"minecraft:stone_pickaxe":116,"minecraft:oak_planks":18,"minecraft:wooden_pickaxe":34,"minecraft:composter":6,"minecraft:sugar_cane":15,"minecraft:fletching_table":2,"minecraft:glow_berries":1,"minecraft:sand":8,"minecraft:crafting_table":12,"minecraft:white_bed":5,"minecraft:wooden_hoe":15,"minecraft:melon_slice":35,"minecraft:bread":80,"minecraft:iron_pickaxe":106,"minecraft:gravel":2,"minecraft:stone_axe":107,"minecraft:diamond_sword":50,"minecraft:wooden_sword":4,"minecraft:cobblestone":22,"minecraft:cooked_porkchop":3,"minecraft:bucket":26,"minecraft:oak_boat":3,"minecraft:yellow_bed":4,"minecraft:stripped_oak_log":1,"minecraft:dandelion":3},"minecraft:crafted":{"minecraft:wooden_sword":2,"minecraft:oak_planks":608,"minecraft:stone_shovel":2,"minecraft:furnace":3,"minecraft:stone":10,"minecraft:cooked_mutton":9,"minecraft:oak_trapdoor":2,"minecraft:glass":68,"minecraft:bow":1,"minecraft:iron_boots":1,"minecraft:iron_axe":1,"minecraft:stone_pickaxe":5,"minecraft:chest":2,"minecraft:stone_hoe":1,"minecraft:minecart":1,"minecraft:wheat":513,"minecraft:oak_slab":12,"minecraft:diamond_sword":1,"minecraft:emerald":23,"minecraft:cooked_porkchop":3,"minecraft:crafting_table":7,"minecraft:iron_helmet":2,"minecraft:wooden_pickaxe":4,"minecraft:iron_sword":1,"minecraft:bucket":1,"minecraft:stone_axe":4,"minecraft:bread":143,"minecraft:acacia_boat":2,"minecraft:air":0,"minecraft:oak_boat":1,"minecraft:wooden_hoe":1,"minecraft:shield":1,"minecraft:stick":880,"minecraft:iron_ingot":36,"minecraft:iron_pickaxe":1,"minecraft:wooden_axe":3,"minecraft:stone_sword":5,"minecraft:iron_shovel":1,"minecraft:iron_leggings":1,"minecraft:white_bed":1,"minecraft:composter":1,"minecraft:acacia_planks":16},"minecraft:dropped":{"minecraft:stone_hoe":1,"minecraft:iron_ingot":5,"minecraft:oak_slab":41,"minecraft:wheat_seeds":36,"minecraft:cobblestone":19,"minecraft:lead":1,"minecraft:leather":3,"minecraft:tropical_fish":1,"minecraft:coal":23,"minecraft:stick":9,"minecraft:dirt":205,"minecraft:wooden_hoe":1,"minecraft:wooden_axe":1,"minecraft:melon_slice":2,"minecraft:wooden_sword":1,"minecraft:bone_meal":10,"minecraft:sand":19,"minecraft:acacia_planks":13,"minecraft:dandelion":2,"minecraft:bone":1,"minecraft:moss_carpet":2,"minecraft:stone_shovel":1,"minecraft:rotten_flesh":2,"minecraft:clay_ball":8,"minecraft:oak_planks":5,"minecraft:filled_map":1,"minecraft:iron_chestplate":1,"minecraft:melon_seeds":1,"minecraft:oak_sapling":6,"minecraft:bamboo":7,"minecraft:stone_pickaxe":1,"minecraft:bow":2,"minecraft:glass":4,"minecraft:wooden_pickaxe":4},"minecraft:picked_up":{"minecraft:crafting_table":9,"minecraft:iron_chestplate":4,"minecraft:wheat":76,"minecraft:clay_ball":16,"minecraft:chicken":4,"minecraft:lead":13,"minecraft:diamond_sword":1,"minecraft:wooden_pickaxe":2,"minecraft:enchanted_book":3,"minecraft:shield":3,"minecraft:oak_trapdoor":1,"minecraft:moss_carpet":9,"minecraft:iron_axe":3,"minecraft:iron_leggings":3,"minecraft:gold_nugget":3,"minecraft:cobbled_deepslate":41,"minecraft:spruce_planks":1,"minecraft:oak_boat":2,"minecraft:azalea":5,"minecraft:iron_pickaxe":3,"minecraft:melon_slice":99,"minecraft:sugar_cane":15,"minecraft:chest":2,"minecraft:furnace":7,"minecraft:iron_boots":3,"minecraft:egg":4,"minecraft:stick":114,"minecraft:raw_iron":49,"minecraft:composter":4,"minecraft:big_dripleaf":2,"minecraft:oak_fence":5,"minecraft:torch":35,"minecraft:acacia_log":2,"minecraft:porkchop":3,"minecraft:redstone":72,"minecraft:stone_sword":3,"minecraft:arrow":5,"minecraft:rotten_flesh":24,"minecraft:tropical_fish":3,"minecraft:diamond_boots":1,"minecraft:hay_block":57,"minecraft:rail":3,"minecraft:glow_berries":1,"minecraft:mutton":9,"minecraft:white_wool":15,"minecraft:cobblestone":143,"minecraft:stripped_oak_log":16,"minecraft:leather":4,"minecraft:acacia_wood":2,"minecraft:potato":3,"minecraft:tuff":2,"minecraft:oak_log":138,"minecraft:lily_pad":2,"minecraft:gunpowder":2,"minecraft:yellow_bed":4,"minecraft:acacia_boat":5,"minecraft:lapis_lazuli":16,"minecraft:dirt":345,"minecraft:bone":10,"minecraft:acacia_planks":8,"minecraft:bow":1,"minecraft:wheat_seeds":183,"minecraft:raw_gold":19,"minecraft:bell":1,"minecraft:iron_ingot":21,"minecraft:stone_pickaxe":4,"minecraft:fletching_table":2,"minecraft:bamboo":42,"minecraft:iron_sword":1,"minecraft:moss_block":26,"minecraft:flowering_azalea":3,"minecraft:oak_planks":34,"minecraft:oak_slab":36,"minecraft:dandelion":5,"minecraft:gravel":2,"minecraft:sand":130,"minecraft:white_bed":4,"minecraft:dispenser":1,"minecraft:diamond":4,"minecraft:stone_axe":2,"minecraft:iron_helmet":1,"minecraft:granite":1,"minecraft:bone_meal":10,"minecraft:bread":145,"minecraft:emerald":41,"minecraft:oak_sapling":7,"minecraft:melon_seeds":1,"minecraft:coal":62,"minecraft:diamond_pickaxe":1,"minecraft:wooden_axe":1},"minecraft:killed":{"minecraft:spider":2,"minecraft:skeleton":7,"minecraft:chicken":2,"minecraft:pig":1,"minecraft:iron_golem":1,"minecraft:creeper":2,"minecraft:sheep":6,"minecraft:zombie":16,"minecraft:villager":1}},"DataVersion":3953}