{"stats":{"minecraft:broken":{"minecraft:stone_shovel":1},"minecraft:mined":{"minecraft:tuff":2,"minecraft:spruce_planks":2,"minecraft:white_bed":4,"minecraft:farmland":1,"minecraft:deepslate_diamond_ore":2,"minecraft:oak_door":2,"minecraft:cobblestone_stairs":2,"minecraft:acacia_log":2,"minecraft:grass_block":108,"minecraft:composter":3,"minecraft:hay_block":53,"minecraft:tall_seagrass":23,"minecraft:oak_trapdoor":1,"minecraft:furnace":4,"minecraft:iron_ore":19,"minecraft:acacia_wood":2,"minecraft:fletching_table":2,"minecraft:bell":1,"minecraft:potatoes":1,"minecraft:deepslate_iron_ore":7,"minecraft:dirt_path":9,"minecraft:vine":1,"minecraft:stripped_oak_log":2,"minecraft:bamboo":7,"minecraft:stone":70,"minecraft:deepslate_redstone_ore":2,"minecraft:melon_stem":1,"minecraft:dandelion":3,"minecraft:crafting_table":5,"minecraft:torch":14,"minecraft:short_grass":277,"minecraft:poppy":1,"minecraft:melon":14,"minecraft:chest":2,"minecraft:glass":2,"minecraft:tall_grass":4,"minecraft:cobblestone":7,"minecraft:deepslate_gold_ore":1,"minecraft:oak_planks":1,"minecraft:lily_pad":2,"minecraft:sugar_cane":5,"minecraft:wall_torch":4,"minecraft:seagrass":17,"minecraft:wheat":73,"minecraft:stripped_oak_wood":2,"minecraft:yellow_bed":3,"minecraft:oak_log":52,"minecraft:coal_ore":18,"minecraft:sand":99,"minecraft:dirt":204,"minecraft:red_mushroom_block":1,"minecraft:stonecutter":1,"minecraft:oak_leaves":5,"minecraft:deepslate":20,"minecraft:fern":26},"minecraft:killed_by":{"minecraft:zombie":5},"minecraft:custom":{"minecraft:mob_kills":26,"minecraft:interact_with_crafting_table":39,"minecraft:bell_ring":4,"minecraft:time_since_death":92892,"minecraft:climb_one_cm":8081,"minecraft:sprint_one_cm":413763,"minecraft:walk_one_cm":286568,"minecraft:damage_blocked_by_shield":330,"minecraft:drop":76,"minecraft:talked_to_villager":34,"minecraft:play_time":156097,"minecraft:deaths":6,"minecraft:sneak_time":3416,"minecraft:walk_under_water_one_cm":36105,"minecraft:boat_one_cm":140608,"minecraft:jump":3213,"minecraft:walk_on_water_one_cm":45225,"minecraft:total_world_time":156097,"minecraft:interact_with_furnace":51,"minecraft:traded_with_villager":5,"minecraft:sleep_in_bed":15,"minecraft:time_since_rest":5817,"minecraft:damage_taken":3905,"minecraft:damage_dealt":4890,"minecraft:swim_one_cm":195809,"minecraft:fly_one_cm":721861,"minecraft:open_chest":70,"minecraft:crouch_one_cm":8795,"minecraft:fall_one_cm":86919},"minecraft:used":{"minecraft:oak_fence":1,"minecraft:oak_trapdoor":3,"minecraft:moss_carpet":2,"minecraft:stone_sword":132,"minecraft:iron_shovel":248,"minecraft:tropical_fish":2,"minecraft:stone_shovel":135,"minecraft:chest":4,"minecraft:shield":11,"minecraft:iron_sword":1,"minecraft:bell":1,"minecraft:stone_hoe":133,"minecraft:iron_chestplate":1,"minecraft:torch":21,"minecraft:dirt":98,"minecraft:wheat":67,"minecraft:tuff":2,"minecraft:glass":71,"minecraft:wooden_axe":9,"minecraft:iron_axe":35,"minecraft:iron_helmet":1,"minecraft:iron_boots":1,"minecraft:bamboo":4,"minecraft:bow":2,"minecraft:furnace":5,"minecraft:oak_sapling":7,"minecraft:egg":2,"minecraft:potato":22,"minecraft:cobbled_deepslate":19,"minecraft:acacia_planks":1,"minecraft:iron_leggings":1,"minecraft:wheat_seeds":134,"minecraft:cooked_mutton":8,"minecraft:acacia_boat":5,"minecraft:water_bucket":24,"minecraft:stone_pickaxe":64,"minecraft:oak_planks":7,"minecraft:wooden_pickaxe":14,"minecraft:composter":6,"minecraft:fletching_table":2,"minecraft:sugar_cane":15,"minecraft:sand":8,"minecraft:crafting_table":7,"minecraft:white_bed":5,"minecraft:melon_slice":35,"minecraft:bread":31,"minecraft:iron_pickaxe":82,"minecraft:stone_axe":103,"minecraft:diamond_sword":25,"minecraft:wooden_sword":4,"minecraft:cobblestone":14,"minecraft:cooked_porkchop":3,"minecraft:bucket":25,"minecraft:yellow_bed":2,"minecraft:oak_boat":3,"minecraft:dandelion":1},"minecraft:crafted":{"minecraft:wooden_sword":1,"minecraft:oak_planks":212,"minecraft:stone_shovel":1,"minecraft:furnace":3,"minecraft:cooked_mutton":9,"minecraft:oak_trapdoor":2,"minecraft:glass":63,"minecraft:iron_boots":1,"minecraft:bow":1,"minecraft:iron_axe":1,"minecraft:stone_pickaxe":1,"minecraft:chest":2,"minecraft:stone_hoe":1,"minecraft:minecart":1,"minecraft:wheat":468,"minecraft:oak_slab":12,"minecraft:diamond_sword":1,"minecraft:emerald":4,"minecraft:cooked_porkchop":3,"minecraft:crafting_table":4,"minecraft:iron_helmet":1,"minecraft:wooden_pickaxe":1,"minecraft:iron_sword":1,"minecraft:bucket":1,"minecraft:stone_axe":2,"minecraft:bread":128,"minecraft:acacia_boat":2,"minecraft:air":0,"minecraft:oak_boat":1,"minecraft:shield":1,"minecraft:stick":204,"minecraft:iron_ingot":31,"minecraft:iron_pickaxe":1,"minecraft:wooden_axe":2,"minecraft:stone_sword":2,"minecraft:iron_shovel":1,"minecraft:iron_leggings":1,"minecraft:white_bed":1,"minecraft:composter":1,"minecraft:acacia_planks":16},"minecraft:dropped":{"minecraft:iron_ingot":5,"minecraft:oak_slab":41,"minecraft:wheat_seeds":22,"minecraft:cobblestone":19,"minecraft:leather":3,"minecraft:coal":23,"minecraft:stick":9,"minecraft:dirt":205,"minecraft:wooden_axe":1,"minecraft:melon_slice":2,"minecraft:bone_meal":8,"minecraft:wooden_sword":1,"minecraft:sand":19,"minecraft:acacia_planks":13,"minecraft:dandelion":2,"minecraft:oak_planks":4,"minecraft:filled_map":1,"minecraft:iron_chestplate":1,"minecraft:melon_seeds":1,"minecraft:oak_sapling":6,"minecraft:bamboo":7,"minecraft:bow":1,"minecraft:wooden_pickaxe":1,"minecraft:stone_pickaxe":1},"minecraft:picked_up":{"minecraft:crafting_table":6,"minecraft:iron_chestplate":2,"minecraft:wheat":76,"minecraft:chicken":4,"minecraft:lead":13,"minecraft:enchanted_book":3,"minecraft:oak_trapdoor":1,"minecraft:moss_carpet":2,"minecraft:gold_nugget":3,"minecraft:cobbled_deepslate":19,"minecraft:spruce_planks":1,"minecraft:oak_boat":2,"minecraft:melon_slice":99,"minecraft:sugar_cane":15,"minecraft:chest":2,"minecraft:egg":2,"minecraft:furnace":4,"minecraft:stick":7,"minecraft:raw_iron":31,"minecraft:composter":4,"minecraft:oak_fence":1,"minecraft:torch":27,"minecraft:acacia_log":2,"minecraft:porkchop":3,"minecraft:redstone":9,"minecraft:stone_sword":2,"minecraft:arrow":2,"minecraft:rotten_flesh":14,"minecraft:tropical_fish":2,"minecraft:hay_block":52,"minecraft:mutton":9,"minecraft:white_wool":15,"minecraft:cobblestone":75,"minecraft:stripped_oak_log":2,"minecraft:leather":4,"minecraft:potato":3,"minecraft:acacia_wood":2,"minecraft:tuff":2,"minecraft:oak_log":52,"minecraft:lily_pad":2,"minecraft:yellow_bed":2,"minecraft:acacia_boat":4,"minecraft:dirt":303,"minecraft:bone":1,"minecraft:acacia_planks":8,"minecraft:wheat_seeds":163,"minecraft:raw_gold":1,"minecraft:bell":1,"minecraft:stone_pickaxe":2,"minecraft:iron_ingot":8,"minecraft:fletching_table":2,"minecraft:bamboo":42,"minecraft:oak_planks":13,"minecraft:oak_slab":36,"minecraft:dandelion":3,"minecraft:sand":124,"minecraft:white_bed":4,"minecraft:diamond":2,"minecraft:stone_axe":2,"minecraft:bone_meal":10,"minecraft:emerald":3,"minecraft:bread":12,"minecraft:oak_sapling":7,"minecraft:melon_seeds":1,"minecraft:coal":54},"minecraft:killed":{"minecraft:spider":2,"minecraft:skeleton":3,"minecraft:chicken":2,"minecraft:pig":1,"minecraft:iron_golem":1,"minecraft:creeper":1,"minecraft:sheep":6,"minecraft:zombie":8,"minecraft:villager":1}},"DataVersion":3953}