{"stats":{"minecraft:crafted":{"minecraft:wooden_sword":1,"minecraft:oak_boat":1,"minecraft:oak_planks":44,"minecraft:cooked_porkchop":3,"minecraft:crafting_table":2,"minecraft:stick":20,"minecraft:wooden_pickaxe":1,"minecraft:stone_pickaxe":1,"minecraft:wooden_axe":2,"minecraft:stone_sword":1,"minecraft:furnace":1,"minecraft:white_bed":1,"minecraft:stone_axe":1,"minecraft:cooked_mutton":5,"minecraft:air":0},"minecraft:picked_up":{"minecraft:crafting_table":4,"minecraft:porkchop":3,"minecraft:oak_log":12,"minecraft:white_bed":1,"minecraft:dirt":4,"minecraft:spruce_planks":1,"minecraft:oak_boat":1,"minecraft:mutton":9,"minecraft:coal":2,"minecraft:white_wool":6,"minecraft:cobblestone":26,"minecraft:furnace":1},"minecraft:custom":{"minecraft:time_since_rest":37263,"minecraft:interact_with_furnace":5,"minecraft:sprint_one_cm":55997,"minecraft:damage_taken":300,"minecraft:walk_one_cm":25833,"minecraft:mob_kills":7,"minecraft:drop":3,"minecraft:damage_dealt":580,"minecraft:interact_with_crafting_table":9,"minecraft:swim_one_cm":83916,"minecraft:fly_one_cm":129876,"minecraft:open_chest":3,"minecraft:crouch_one_cm":680,"minecraft:play_time":41596,"minecraft:deaths":1,"minecraft:sneak_time":246,"minecraft:walk_under_water_one_cm":9743,"minecraft:boat_one_cm":67459,"minecraft:jump":510,"minecraft:walk_on_water_one_cm":13051,"minecraft:time_since_death":37226,"minecraft:total_world_time":41596,"minecraft:fall_one_cm":14701},"minecraft:mined":{"minecraft:spruce_planks":2,"minecraft:white_bed":1,"minecraft:furnace":1,"minecraft:crafting_table":4,"minecraft:short_grass":13,"minecraft:coal_ore":2,"minecraft:grass_block":2,"minecraft:oak_log":12,"minecraft:dirt":2,"minecraft:stone":26},"minecraft:killed":{"minecraft:sheep":6,"minecraft:pig":1},"minecraft:used":{"minecraft:cooked_mutton":1,"minecraft:wooden_axe":9,"minecraft:stone_sword":6,"minecraft:stone_pickaxe":15,"minecraft:wooden_pickaxe":14,"minecraft:stone_axe":2,"minecraft:wooden_sword":4,"minecraft:dirt":4,"minecraft:cobblestone":9,"minecraft:crafting_table":4,"minecraft:cooked_porkchop":1,"minecraft:furnace":1,"minecraft:oak_boat":1,"minecraft:white_bed":1},"minecraft:dropped":{"minecraft:wooden_axe":1,"minecraft:wooden_sword":1,"minecraft:wooden_pickaxe":1}},"DataVersion":3953}