{"stats":{"minecraft:mined":{"minecraft:spruce_planks":2,"minecraft:white_bed":2,"minecraft:crafting_table":4,"minecraft:short_grass":58,"minecraft:grass_block":5,"minecraft:melon":5,"minecraft:chest":1,"minecraft:lily_pad":2,"minecraft:seagrass":17,"minecraft:tall_seagrass":23,"minecraft:furnace":2,"minecraft:coal_ore":2,"minecraft:oak_log":12,"minecraft:vine":1,"minecraft:dirt":2,"minecraft:bamboo":7,"minecraft:red_mushroom_block":1,"minecraft:stone":26,"minecraft:oak_leaves":2,"minecraft:fern":13},"minecraft:killed_by":{"minecraft:zombie":5},"minecraft:custom":{"minecraft:interact_with_furnace":8,"minecraft:mob_kills":11,"minecraft:interact_with_crafting_table":10,"minecraft:time_since_death":2892,"minecraft:sleep_in_bed":4,"minecraft:climb_one_cm":2609,"minecraft:time_since_rest":1732,"minecraft:sprint_one_cm":137667,"minecraft:damage_taken":2417,"minecraft:walk_one_cm":54734,"minecraft:drop":12,"minecraft:damage_dealt":1726,"minecraft:swim_one_cm":182141,"minecraft:fly_one_cm":292310,"minecraft:open_chest":7,"minecraft:crouch_one_cm":711,"minecraft:play_time":66097,"minecraft:deaths":6,"minecraft:sneak_time":268,"minecraft:walk_under_water_one_cm":17879,"minecraft:boat_one_cm":120218,"minecraft:jump":1224,"minecraft:walk_on_water_one_cm":30166,"minecraft:total_world_time":66097,"minecraft:fall_one_cm":29656},"minecraft:used":{"minecraft:cooked_mutton":8,"minecraft:stone_sword":21,"minecraft:stone_pickaxe":16,"minecraft:chest":1,"minecraft:wooden_pickaxe":14,"minecraft:dirt":6,"minecraft:crafting_table":5,"minecraft:white_bed":3,"minecraft:wooden_axe":9,"minecraft:melon_slice":6,"minecraft:bamboo":4,"minecraft:stone_axe":53,"minecraft:wooden_sword":4,"minecraft:cobblestone":9,"minecraft:oak_sapling":1,"minecraft:furnace":2,"minecraft:cooked_porkchop":3,"minecraft:oak_boat":3},"minecraft:dropped":{"minecraft:wheat_seeds":3,"minecraft:filled_map":1,"minecraft:wooden_axe":1,"minecraft:wooden_sword":1,"minecraft:bamboo":7,"minecraft:wooden_pickaxe":1},"minecraft:crafted":{"minecraft:wooden_sword":1,"minecraft:oak_planks":44,"minecraft:cooked_porkchop":3,"minecraft:crafting_table":2,"minecraft:wooden_pickaxe":1,"minecraft:furnace":1,"minecraft:stone_axe":1,"minecraft:cooked_mutton":9,"minecraft:air":0,"minecraft:oak_boat":1,"minecraft:stick":20,"minecraft:stone_pickaxe":1,"minecraft:wooden_axe":2,"minecraft:stone_sword":1,"minecraft:chest":1,"minecraft:white_bed":1},"minecraft:picked_up":{"minecraft:wheat":30,"minecraft:crafting_table":5,"minecraft:chicken":2,"minecraft:enchanted_book":2,"minecraft:oak_log":12,"minecraft:lily_pad":2,"minecraft:dirt":6,"minecraft:wheat_seeds":13,"minecraft:gold_nugget":2,"minecraft:spruce_planks":1,"minecraft:stone_pickaxe":2,"minecraft:oak_boat":2,"minecraft:bamboo":42,"minecraft:melon_slice":55,"minecraft:chest":1,"minecraft:oak_planks":8,"minecraft:furnace":2,"minecraft:stick":6,"minecraft:porkchop":3,"minecraft:white_bed":2,"minecraft:rotten_flesh":3,"minecraft:stone_sword":2,"minecraft:stone_axe":1,"minecraft:emerald":2,"minecraft:oak_sapling":1,"minecraft:mutton":9,"minecraft:coal":23,"minecraft:white_wool":12,"minecraft:cobblestone":27},"minecraft:killed":{"minecraft:pig":1,"minecraft:spider":1,"minecraft:sheep":6,"minecraft:zombie":1,"minecraft:chicken":2}},"DataVersion":3953}