{"stats":{"minecraft:mined":{"minecraft:grass_block":1,"minecraft:deepslate_diamond_ore":1},"minecraft:killed_by":{"minecraft:skeleton":10,"minecraft:zombie_villager":1,"minecraft:spider":1,"minecraft:zombie":2},"minecraft:used":{"minecraft:stone_axe":5,"minecraft:leather_leggings":5,"minecraft:dirt":1,"minecraft:iron_pickaxe":4},"minecraft:custom":{"minecraft:open_chest":11,"minecraft:time_since_rest":712,"minecraft:crouch_one_cm":602,"minecraft:play_time":27935,"minecraft:sprint_one_cm":82714,"minecraft:walk_one_cm":80705,"minecraft:damage_taken":4354,"minecraft:deaths":16,"minecraft:sneak_time":379,"minecraft:walk_under_water_one_cm":1963,"minecraft:mob_kills":2,"minecraft:jump":609,"minecraft:damage_dealt":639,"minecraft:leave_game":1,"minecraft:time_since_death":3196,"minecraft:walk_on_water_one_cm":5602,"minecraft:sleep_in_bed":1,"minecraft:total_world_time":27935,"minecraft:swim_one_cm":101,"minecraft:interact_with_crafting_table":2,"minecraft:fall_one_cm":42579,"minecraft:fly_one_cm":126115},"minecraft:picked_up":{"minecraft:diamond":1,"minecraft:arrow":1,"minecraft:bone":8,"minecraft:rotten_flesh":3,"minecraft:leather_leggings":5,"minecraft:stone_axe":3,"minecraft:iron_pickaxe":6,"minecraft:dirt":1,"minecraft:cobblestone":20},"minecraft:killed":{"minecraft:skeleton":1}},"DataVersion":3953}