{"stats":{"minecraft:mined":{"minecraft:grass_block":1},"minecraft:killed_by":{"minecraft:spider":1},"minecraft:used":{"minecraft:dirt":1},"minecraft:custom":{"minecraft:jump":174,"minecraft:time_since_rest":4647,"minecraft:crouch_one_cm":199,"minecraft:damage_dealt":57,"minecraft:walk_on_water_one_cm":1057,"minecraft:deaths":1,"minecraft:sprint_one_cm":21411,"minecraft:play_time":7730,"minecraft:damage_taken":430,"minecraft:time_since_death":4152,"minecraft:walk_one_cm":14075,"minecraft:sneak_time":72,"minecraft:total_world_time":7730,"minecraft:fall_one_cm":6684,"minecraft:fly_one_cm":39024},"minecraft:picked_up":{"minecraft:dirt":1}},"DataVersion":3953}