{"stats":{"minecraft:mined":{"minecraft:grass_block":1},"minecraft:killed_by":{"minecraft:skeleton":7,"minecraft:spider":1,"minecraft:zombie":2},"minecraft:used":{"minecraft:stone_axe":5,"minecraft:leather_leggings":5,"minecraft:dirt":1,"minecraft:iron_pickaxe":3},"minecraft:custom":{"minecraft:open_chest":9,"minecraft:time_since_rest":1583,"minecraft:crouch_one_cm":367,"minecraft:play_time":19730,"minecraft:sprint_one_cm":57596,"minecraft:walk_one_cm":59122,"minecraft:damage_taken":3275,"minecraft:deaths":12,"minecraft:sneak_time":236,"minecraft:walk_under_water_one_cm":1963,"minecraft:mob_kills":1,"minecraft:jump":451,"minecraft:damage_dealt":536,"minecraft:time_since_death":1550,"minecraft:walk_on_water_one_cm":5602,"minecraft:total_world_time":19730,"minecraft:swim_one_cm":101,"minecraft:interact_with_crafting_table":2,"minecraft:fall_one_cm":36122,"minecraft:fly_one_cm":93127},"minecraft:picked_up":{"minecraft:arrow":1,"minecraft:bone":8,"minecraft:rotten_flesh":3,"minecraft:leather_leggings":5,"minecraft:stone_axe":3,"minecraft:iron_pickaxe":6,"minecraft:dirt":1,"minecraft:cobblestone":20},"minecraft:killed":{"minecraft:skeleton":1}},"DataVersion":3953}