{"stats":{"minecraft:mined":{"minecraft:white_bed":4,"minecraft:dandelion":2,"minecraft:cornflower":1,"minecraft:yellow_bed":1,"minecraft:bookshelf":4,"minecraft:short_grass":119,"minecraft:grass_block":7,"minecraft:oak_log":43,"minecraft:chest":1,"minecraft:dirt":2,"minecraft:copper_ore":10,"minecraft:tall_grass":5,"minecraft:stone":47,"minecraft:oak_planks":11,"minecraft:wall_torch":6,"minecraft:oak_leaves":4},"minecraft:used":{"minecraft:iron_pickaxe":57,"minecraft:iron_sword":7,"minecraft:stone_axe":53,"minecraft:white_wool":3,"minecraft:wooden_sword":44,"minecraft:dirt":5,"minecraft:white_bed":2,"minecraft:yellow_bed":1,"minecraft:cooked_beef":4},"minecraft:custom":{"minecraft:time_since_rest":13115,"minecraft:interact_with_furnace":10,"minecraft:sprint_one_cm":62967,"minecraft:damage_taken":223,"minecraft:walk_one_cm":85049,"minecraft:mob_kills":6,"minecraft:drop":17,"minecraft:damage_dealt":1852,"minecraft:talked_to_villager":3,"minecraft:swim_one_cm":5962,"minecraft:interact_with_crafting_table":4,"minecraft:fly_one_cm":76604,"minecraft:open_chest":3,"minecraft:crouch_one_cm":2175,"minecraft:play_time":21629,"minecraft:sneak_time":1543,"minecraft:walk_under_water_one_cm":226,"minecraft:jump":428,"minecraft:walk_on_water_one_cm":748,"minecraft:time_since_death":21629,"minecraft:sleep_in_bed":2,"minecraft:total_world_time":21629,"minecraft:fall_one_cm":11650},"minecraft:dropped":{"minecraft:poppy":1,"minecraft:dirt":1,"minecraft:wheat_seeds":11,"minecraft:oak_sapling":2,"minecraft:wooden_sword":1,"minecraft:wooden_pickaxe":2,"minecraft:dandelion":7},"minecraft:crafted":{"minecraft:cooked_beef":13,"minecraft:wooden_sword":1,"minecraft:oak_planks":172,"minecraft:stick":12,"minecraft:wooden_pickaxe":1,"minecraft:iron_pickaxe":1,"minecraft:iron_sword":1,"minecraft:stone_axe":1,"minecraft:air":0},"minecraft:picked_up":{"minecraft:book":12,"minecraft:dandelion":7,"minecraft:torch":7,"minecraft:wooden_pickaxe":1,"minecraft:oak_log":43,"minecraft:white_bed":3,"minecraft:yellow_bed":1,"minecraft:dirt":6,"minecraft:wheat_seeds":11,"minecraft:iron_ingot":7,"minecraft:poppy":1,"minecraft:oak_sapling":2,"minecraft:chest":1,"minecraft:mutton":4,"minecraft:oak_planks":11,"minecraft:white_wool":3,"minecraft:cobblestone":32},"minecraft:killed":{"minecraft:sheep":3,"minecraft:iron_golem":2,"minecraft:villager":1}},"DataVersion":3953}