{"stats":{"minecraft:broken":{"minecraft:iron_pickaxe":1},"minecraft:mined":{"minecraft:tuff":2,"minecraft:white_bed":9,"minecraft:deepslate_diamond_ore":4,"minecraft:grass_block":9,"minecraft:redstone_wire":3,"minecraft:furnace":2,"minecraft:iron_ore":1,"minecraft:cobbled_deepslate":1,"minecraft:bookshelf":4,"minecraft:deepslate_iron_ore":9,"minecraft:dirt_path":1,"minecraft:stone":176,"minecraft:deepslate_redstone_ore":7,"minecraft:dandelion":2,"minecraft:cornflower":1,"minecraft:crafting_table":3,"minecraft:torch":4,"minecraft:short_grass":128,"minecraft:chest":3,"minecraft:copper_ore":17,"minecraft:tall_grass":5,"minecraft:cobblestone":1,"minecraft:deepslate_gold_ore":6,"minecraft:oak_planks":22,"minecraft:diorite":3,"minecraft:wall_torch":12,"minecraft:yellow_bed":1,"minecraft:oak_log":48,"minecraft:coal_ore":7,"minecraft:gravel":66,"minecraft:dirt":4,"minecraft:gold_ore":3,"minecraft:oak_leaves":4,"minecraft:deepslate":67},"minecraft:killed_by":{"minecraft:witch":1},"minecraft:used":{"minecraft:stone_shovel":58,"minecraft:redstone":3,"minecraft:chest":6,"minecraft:shield":4,"minecraft:iron_sword":122,"minecraft:rotten_flesh":1,"minecraft:oak_door":4,"minecraft:torch":32,"minecraft:dirt":9,"minecraft:golden_chestplate":2,"minecraft:tuff":1,"minecraft:iron_helmet":1,"minecraft:iron_boots":1,"minecraft:furnace":4,"minecraft:cooked_beef":10,"minecraft:cobbled_deepslate":21,"minecraft:iron_leggings":2,"minecraft:cooked_mutton":5,"minecraft:diorite":2,"minecraft:oak_planks":104,"minecraft:white_wool":4,"minecraft:crafting_table":5,"minecraft:white_bed":8,"minecraft:diamond_pickaxe":60,"minecraft:iron_pickaxe":249,"minecraft:stone_axe":77,"minecraft:wooden_sword":44,"minecraft:cobblestone":95,"minecraft:yellow_bed":1},"minecraft:custom":{"minecraft:mob_kills":19,"minecraft:interact_with_crafting_table":23,"minecraft:time_since_death":10108,"minecraft:sprint_one_cm":194753,"minecraft:walk_one_cm":228680,"minecraft:damage_blocked_by_shield":115,"minecraft:drop":89,"minecraft:talked_to_villager":3,"minecraft:play_time":69629,"minecraft:sneak_time":3014,"minecraft:deaths":3,"minecraft:walk_under_water_one_cm":2719,"minecraft:jump":1592,"minecraft:walk_on_water_one_cm":4286,"minecraft:total_world_time":69629,"minecraft:interact_with_furnace":26,"minecraft:sleep_in_bed":6,"minecraft:time_since_rest":10134,"minecraft:damage_taken":1819,"minecraft:damage_dealt":4605,"minecraft:swim_one_cm":9154,"minecraft:fly_one_cm":260959,"minecraft:open_chest":41,"minecraft:crouch_one_cm":5531,"minecraft:fall_one_cm":56244},"minecraft:dropped":{"minecraft:iron_sword":3,"minecraft:wheat_seeds":12,"minecraft:cooked_beef":5,"minecraft:diamond":1,"minecraft:feather":1,"minecraft:cobblestone":6,"minecraft:book":12,"minecraft:leather":4,"minecraft:copper_ingot":4,"minecraft:dirt":16,"minecraft:diorite":1,"minecraft:torch":3,"minecraft:iron_leggings":2,"minecraft:wooden_sword":3,"minecraft:white_wool":4,"minecraft:dandelion":12,"minecraft:bone":3,"minecraft:gravel":120,"minecraft:stone_axe":1,"minecraft:golden_chestplate":1,"minecraft:cobbled_deepslate":47,"minecraft:raw_copper":84,"minecraft:tuff":1,"minecraft:birch_sapling":1,"minecraft:stone_shovel":1,"minecraft:rotten_flesh":5,"minecraft:poppy":2,"minecraft:shield":1,"minecraft:gunpowder":3,"minecraft:diamond_pickaxe":1,"minecraft:oak_sapling":2,"minecraft:bow":1,"minecraft:arrow":4,"minecraft:wooden_pickaxe":4,"minecraft:stone_pickaxe":1,"minecraft:raw_gold":3},"minecraft:crafted":{"minecraft:wooden_sword":1,"minecraft:oak_door":3,"minecraft:oak_planks":192,"minecraft:stone_shovel":1,"minecraft:golden_chestplate":1,"minecraft:furnace":2,"minecraft:cooked_mutton":4,"minecraft:iron_boots":1,"minecraft:stone_pickaxe":1,"minecraft:chest":3,"minecraft:cooked_beef":15,"minecraft:crafting_table":1,"minecraft:iron_helmet":1,"minecraft:wooden_pickaxe":1,"minecraft:iron_sword":2,"minecraft:copper_ingot":4,"minecraft:stone_axe":1,"minecraft:air":0,"minecraft:diamond_pickaxe":1,"minecraft:shield":1,"minecraft:stick":24,"minecraft:iron_ingot":16,"minecraft:iron_pickaxe":1,"minecraft:iron_leggings":1,"minecraft:torch":12},"minecraft:picked_up":{"minecraft:crafting_table":4,"minecraft:wooden_pickaxe":3,"minecraft:shield":2,"minecraft:raw_copper":26,"minecraft:wooden_sword":2,"minecraft:iron_leggings":2,"minecraft:cobbled_deepslate":85,"minecraft:beef":4,"minecraft:poppy":2,"minecraft:iron_pickaxe":1,"minecraft:chest":3,"minecraft:birch_sapling":1,"minecraft:furnace":2,"minecraft:raw_iron":10,"minecraft:oak_door":2,"minecraft:torch":23,"minecraft:diorite":4,"minecraft:redstone":69,"minecraft:golden_chestplate":1,"minecraft:arrow":6,"minecraft:rotten_flesh":8,"minecraft:gold_ingot":8,"minecraft:mutton":6,"minecraft:white_wool":9,"minecraft:cobblestone":704,"minecraft:birch_log":4,"minecraft:feather":1,"minecraft:leather":4,"minecraft:flint":15,"minecraft:tuff":2,"minecraft:oak_log":48,"minecraft:yellow_bed":1,"minecraft:gunpowder":4,"minecraft:dirt":26,"minecraft:cooked_mutton":3,"minecraft:bone":5,"minecraft:bow":3,"minecraft:wheat_seeds":15,"minecraft:raw_gold":17,"minecraft:iron_ingot":8,"minecraft:oak_planks":199,"minecraft:iron_sword":4,"minecraft:book":24,"minecraft:dandelion":12,"minecraft:gravel":120,"minecraft:white_bed":9,"minecraft:diamond":6,"minecraft:stone_axe":2,"minecraft:oak_sapling":2,"minecraft:coal":8,"minecraft:diamond_pickaxe":1},"minecraft:killed":{"minecraft:skeleton":3,"minecraft:iron_golem":2,"minecraft:creeper":1,"minecraft:sheep":4,"minecraft:zombie":5,"minecraft:villager":1,"minecraft:cow":2}},"DataVersion":3953}