{"stats":{"minecraft:mined":{"minecraft:white_bed":4,"minecraft:yellow_bed":1,"minecraft:short_grass":53,"minecraft:grass_block":7,"minecraft:oak_log":4,"minecraft:dirt":2,"minecraft:tall_grass":5,"minecraft:oak_leaves":4},"minecraft:used":{"minecraft:white_wool":3,"minecraft:wooden_sword":27,"minecraft:dirt":5,"minecraft:white_bed":2,"minecraft:yellow_bed":1,"minecraft:cooked_beef":2},"minecraft:custom":{"minecraft:time_since_rest":1115,"minecraft:interact_with_furnace":8,"minecraft:sprint_one_cm":36189,"minecraft:damage_taken":113,"minecraft:walk_one_cm":32516,"minecraft:mob_kills":4,"minecraft:drop":7,"minecraft:damage_dealt":1107,"minecraft:swim_one_cm":5962,"minecraft:interact_with_crafting_table":1,"minecraft:fly_one_cm":49085,"minecraft:open_chest":2,"minecraft:crouch_one_cm":125,"minecraft:play_time":9629,"minecraft:sneak_time":338,"minecraft:walk_under_water_one_cm":226,"minecraft:jump":235,"minecraft:walk_on_water_one_cm":748,"minecraft:time_since_death":9629,"minecraft:sleep_in_bed":2,"minecraft:total_world_time":9629,"minecraft:fall_one_cm":6293},"minecraft:dropped":{"minecraft:wheat_seeds":7,"minecraft:oak_sapling":2},"minecraft:crafted":{"minecraft:cooked_beef":2,"minecraft:wooden_sword":1,"minecraft:oak_planks":16,"minecraft:stick":4,"minecraft:wooden_pickaxe":1,"minecraft:air":0},"minecraft:picked_up":{"minecraft:oak_log":4,"minecraft:white_bed":3,"minecraft:yellow_bed":1,"minecraft:dirt":6,"minecraft:wheat_seeds":7,"minecraft:iron_ingot":4,"minecraft:oak_sapling":2,"minecraft:mutton":4,"minecraft:white_wool":3},"minecraft:killed":{"minecraft:sheep":3,"minecraft:iron_golem":1}},"DataVersion":3953}