{"stats":{"minecraft:mined":{"minecraft:deepslate_redstone_ore":7,"minecraft:tuff":1,"minecraft:white_bed":7,"minecraft:deepslate_diamond_ore":2,"minecraft:dandelion":2,"minecraft:crafting_table":2,"minecraft:cornflower":1,"minecraft:torch":4,"minecraft:short_grass":119,"minecraft:grass_block":9,"minecraft:chest":2,"minecraft:redstone_wire":3,"minecraft:tall_grass":5,"minecraft:copper_ore":17,"minecraft:deepslate_gold_ore":5,"minecraft:oak_planks":11,"minecraft:diorite":3,"minecraft:wall_torch":12,"minecraft:furnace":1,"minecraft:iron_ore":1,"minecraft:yellow_bed":1,"minecraft:coal_ore":7,"minecraft:bookshelf":4,"minecraft:oak_log":43,"minecraft:deepslate_iron_ore":7,"minecraft:dirt_path":1,"minecraft:gravel":66,"minecraft:dirt":3,"minecraft:stone":176,"minecraft:gold_ore":3,"minecraft:deepslate":14,"minecraft:oak_leaves":4},"minecraft:killed_by":{"minecraft:witch":1},"minecraft:custom":{"minecraft:interact_with_furnace":16,"minecraft:mob_kills":14,"minecraft:interact_with_crafting_table":12,"minecraft:time_since_death":837,"minecraft:sleep_in_bed":3,"minecraft:time_since_rest":867,"minecraft:sprint_one_cm":120693,"minecraft:damage_taken":988,"minecraft:walk_one_cm":166944,"minecraft:damage_blocked_by_shield":85,"minecraft:drop":53,"minecraft:damage_dealt":3926,"minecraft:swim_one_cm":7459,"minecraft:talked_to_villager":3,"minecraft:fly_one_cm":126476,"minecraft:open_chest":9,"minecraft:deaths":1,"minecraft:crouch_one_cm":3904,"minecraft:play_time":45629,"minecraft:sneak_time":2519,"minecraft:walk_under_water_one_cm":2521,"minecraft:jump":881,"minecraft:walk_on_water_one_cm":1381,"minecraft:total_world_time":45629,"minecraft:fall_one_cm":23545},"minecraft:used":{"minecraft:cooked_mutton":2,"minecraft:diorite":2,"minecraft:stone_shovel":58,"minecraft:redstone":3,"minecraft:oak_planks":4,"minecraft:chest":2,"minecraft:shield":3,"minecraft:iron_sword":99,"minecraft:rotten_flesh":1,"minecraft:white_wool":4,"minecraft:torch":28,"minecraft:dirt":9,"minecraft:crafting_table":3,"minecraft:white_bed":4,"minecraft:iron_pickaxe":247,"minecraft:stone_axe":59,"minecraft:wooden_sword":44,"minecraft:furnace":2,"minecraft:yellow_bed":1,"minecraft:cooked_beef":8},"minecraft:dropped":{"minecraft:gravel":61,"minecraft:iron_sword":1,"minecraft:wheat_seeds":11,"minecraft:cooked_beef":5,"minecraft:cobbled_deepslate":7,"minecraft:raw_copper":20,"minecraft:diamond":1,"minecraft:tuff":1,"minecraft:stone_shovel":1,"minecraft:rotten_flesh":3,"minecraft:cobblestone":1,"minecraft:book":12,"minecraft:copper_ingot":4,"minecraft:poppy":1,"minecraft:dirt":1,"minecraft:gunpowder":2,"minecraft:diorite":1,"minecraft:torch":3,"minecraft:oak_sapling":2,"minecraft:wooden_sword":1,"minecraft:arrow":1,"minecraft:bow":1,"minecraft:stone_pickaxe":1,"minecraft:wooden_pickaxe":3,"minecraft:raw_gold":3,"minecraft:white_wool":1,"minecraft:dandelion":7,"minecraft:bone":1},"minecraft:crafted":{"minecraft:cooked_beef":13,"minecraft:wooden_sword":1,"minecraft:oak_planks":172,"minecraft:stone_shovel":1,"minecraft:crafting_table":1,"minecraft:wooden_pickaxe":1,"minecraft:iron_sword":2,"minecraft:furnace":1,"minecraft:copper_ingot":4,"minecraft:stone_axe":1,"minecraft:cooked_mutton":4,"minecraft:air":0,"minecraft:shield":1,"minecraft:stick":16,"minecraft:iron_pickaxe":1,"minecraft:stone_pickaxe":1,"minecraft:torch":12},"minecraft:picked_up":{"minecraft:crafting_table":2,"minecraft:wooden_pickaxe":2,"minecraft:flint":10,"minecraft:tuff":1,"minecraft:oak_log":43,"minecraft:yellow_bed":1,"minecraft:gunpowder":3,"minecraft:dirt":10,"minecraft:raw_copper":24,"minecraft:bone":3,"minecraft:bow":2,"minecraft:wheat_seeds":11,"minecraft:cobbled_deepslate":7,"minecraft:raw_gold":8,"minecraft:iron_ingot":8,"minecraft:poppy":1,"minecraft:chest":2,"minecraft:oak_planks":37,"minecraft:furnace":1,"minecraft:book":24,"minecraft:raw_iron":8,"minecraft:torch":19,"minecraft:dandelion":7,"minecraft:gravel":61,"minecraft:diorite":3,"minecraft:white_bed":5,"minecraft:redstone":36,"minecraft:rotten_flesh":6,"minecraft:arrow":3,"minecraft:diamond":2,"minecraft:oak_sapling":2,"minecraft:mutton":4,"minecraft:coal":7,"minecraft:white_wool":5,"minecraft:cobblestone":163},"minecraft:killed":{"minecraft:iron_golem":2,"minecraft:creeper":1,"minecraft:skeleton":2,"minecraft:sheep":3,"minecraft:zombie":4,"minecraft:villager":1}},"DataVersion":3953}