{"stats":{"minecraft:broken":{"minecraft:iron_pickaxe":1},"minecraft:mined":{"minecraft:deepslate_redstone_ore":7,"minecraft:tuff":2,"minecraft:white_bed":8,"minecraft:deepslate_diamond_ore":4,"minecraft:dandelion":2,"minecraft:crafting_table":3,"minecraft:cornflower":1,"minecraft:torch":4,"minecraft:short_grass":128,"minecraft:grass_block":9,"minecraft:chest":3,"minecraft:redstone_wire":3,"minecraft:tall_grass":5,"minecraft:copper_ore":17,"minecraft:deepslate_gold_ore":5,"minecraft:oak_planks":22,"minecraft:diorite":3,"minecraft:wall_torch":12,"minecraft:furnace":2,"minecraft:iron_ore":1,"minecraft:yellow_bed":1,"minecraft:coal_ore":7,"minecraft:bookshelf":4,"minecraft:oak_log":43,"minecraft:deepslate_iron_ore":7,"minecraft:dirt_path":1,"minecraft:gravel":66,"minecraft:dirt":3,"minecraft:stone":176,"minecraft:gold_ore":3,"minecraft:deepslate":33,"minecraft:oak_leaves":4},"minecraft:killed_by":{"minecraft:witch":1},"minecraft:custom":{"minecraft:interact_with_furnace":18,"minecraft:mob_kills":16,"minecraft:interact_with_crafting_table":18,"minecraft:time_since_death":11001,"minecraft:sleep_in_bed":5,"minecraft:time_since_rest":4990,"minecraft:sprint_one_cm":152663,"minecraft:damage_taken":1539,"minecraft:walk_one_cm":199069,"minecraft:damage_blocked_by_shield":115,"minecraft:drop":75,"minecraft:damage_dealt":4325,"minecraft:swim_one_cm":9154,"minecraft:talked_to_villager":3,"minecraft:fly_one_cm":188159,"minecraft:open_chest":30,"minecraft:deaths":2,"minecraft:crouch_one_cm":4169,"minecraft:play_time":57629,"minecraft:sneak_time":2580,"minecraft:walk_under_water_one_cm":2719,"minecraft:jump":1138,"minecraft:walk_on_water_one_cm":1524,"minecraft:total_world_time":57629,"minecraft:fall_one_cm":43977},"minecraft:used":{"minecraft:cooked_mutton":5,"minecraft:diorite":2,"minecraft:stone_shovel":58,"minecraft:redstone":3,"minecraft:oak_planks":104,"minecraft:chest":6,"minecraft:shield":4,"minecraft:iron_sword":115,"minecraft:rotten_flesh":1,"minecraft:oak_door":4,"minecraft:white_wool":4,"minecraft:torch":32,"minecraft:dirt":9,"minecraft:crafting_table":5,"minecraft:golden_chestplate":1,"minecraft:white_bed":7,"minecraft:tuff":1,"minecraft:diamond_pickaxe":21,"minecraft:iron_pickaxe":249,"minecraft:stone_axe":72,"minecraft:wooden_sword":44,"minecraft:cobblestone":42,"minecraft:furnace":3,"minecraft:yellow_bed":1,"minecraft:cooked_beef":8,"minecraft:iron_leggings":1},"minecraft:dropped":{"minecraft:gravel":120,"minecraft:iron_sword":1,"minecraft:wheat_seeds":12,"minecraft:cooked_beef":5,"minecraft:cobbled_deepslate":16,"minecraft:raw_copper":84,"minecraft:diamond":1,"minecraft:tuff":1,"minecraft:birch_sapling":1,"minecraft:stone_shovel":1,"minecraft:rotten_flesh":5,"minecraft:cobblestone":1,"minecraft:book":12,"minecraft:copper_ingot":4,"minecraft:poppy":2,"minecraft:dirt":16,"minecraft:gunpowder":3,"minecraft:diorite":1,"minecraft:torch":3,"minecraft:oak_sapling":2,"minecraft:wooden_sword":3,"minecraft:arrow":4,"minecraft:bow":1,"minecraft:stone_pickaxe":1,"minecraft:wooden_pickaxe":4,"minecraft:raw_gold":3,"minecraft:white_wool":4,"minecraft:dandelion":12,"minecraft:bone":3},"minecraft:crafted":{"minecraft:cooked_beef":13,"minecraft:wooden_sword":1,"minecraft:oak_door":3,"minecraft:oak_planks":172,"minecraft:stone_shovel":1,"minecraft:golden_chestplate":1,"minecraft:crafting_table":1,"minecraft:wooden_pickaxe":1,"minecraft:iron_sword":2,"minecraft:furnace":1,"minecraft:copper_ingot":4,"minecraft:stone_axe":1,"minecraft:cooked_mutton":4,"minecraft:air":0,"minecraft:diamond_pickaxe":1,"minecraft:shield":1,"minecraft:stick":24,"minecraft:iron_ingot":7,"minecraft:iron_pickaxe":1,"minecraft:stone_pickaxe":1,"minecraft:iron_leggings":1,"minecraft:chest":3,"minecraft:torch":12},"minecraft:picked_up":{"minecraft:birch_log":4,"minecraft:crafting_table":4,"minecraft:wooden_pickaxe":3,"minecraft:flint":15,"minecraft:tuff":2,"minecraft:shield":1,"minecraft:oak_log":43,"minecraft:yellow_bed":1,"minecraft:gunpowder":4,"minecraft:wooden_sword":2,"minecraft:dirt":25,"minecraft:raw_copper":26,"minecraft:cooked_mutton":3,"minecraft:bone":5,"minecraft:bow":3,"minecraft:wheat_seeds":15,"minecraft:cobbled_deepslate":33,"minecraft:raw_gold":16,"minecraft:iron_ingot":8,"minecraft:poppy":2,"minecraft:iron_pickaxe":1,"minecraft:birch_sapling":1,"minecraft:iron_sword":2,"minecraft:chest":3,"minecraft:oak_planks":199,"minecraft:furnace":2,"minecraft:book":24,"minecraft:raw_iron":8,"minecraft:oak_door":2,"minecraft:torch":23,"minecraft:dandelion":12,"minecraft:gravel":120,"minecraft:diorite":4,"minecraft:white_bed":8,"minecraft:redstone":69,"minecraft:rotten_flesh":8,"minecraft:arrow":6,"minecraft:stone_axe":1,"minecraft:diamond":6,"minecraft:gold_ingot":8,"minecraft:oak_sapling":2,"minecraft:mutton":4,"minecraft:coal":8,"minecraft:white_wool":8,"minecraft:cobblestone":703},"minecraft:killed":{"minecraft:iron_golem":2,"minecraft:creeper":1,"minecraft:skeleton":3,"minecraft:sheep":3,"minecraft:zombie":5,"minecraft:villager":1}},"DataVersion":3953}