{"stats":{"minecraft:mined":{"minecraft:white_bed":7,"minecraft:dandelion":2,"minecraft:crafting_table":1,"minecraft:cornflower":1,"minecraft:torch":1,"minecraft:short_grass":119,"minecraft:grass_block":7,"minecraft:chest":2,"minecraft:tall_grass":5,"minecraft:copper_ore":17,"minecraft:oak_planks":11,"minecraft:wall_torch":10,"minecraft:furnace":1,"minecraft:iron_ore":1,"minecraft:yellow_bed":1,"minecraft:coal_ore":7,"minecraft:bookshelf":4,"minecraft:oak_log":43,"minecraft:gravel":66,"minecraft:dirt":3,"minecraft:stone":174,"minecraft:oak_leaves":4},"minecraft:used":{"minecraft:stone_shovel":58,"minecraft:chest":1,"minecraft:iron_sword":11,"minecraft:white_wool":4,"minecraft:torch":10,"minecraft:dirt":5,"minecraft:crafting_table":1,"minecraft:white_bed":4,"minecraft:iron_pickaxe":202,"minecraft:stone_axe":56,"minecraft:wooden_sword":44,"minecraft:furnace":1,"minecraft:yellow_bed":1,"minecraft:cooked_beef":4},"minecraft:custom":{"minecraft:interact_with_furnace":14,"minecraft:mob_kills":7,"minecraft:interact_with_crafting_table":12,"minecraft:time_since_death":33629,"minecraft:sleep_in_bed":3,"minecraft:time_since_rest":8979,"minecraft:sprint_one_cm":88827,"minecraft:damage_taken":233,"minecraft:walk_one_cm":131587,"minecraft:drop":33,"minecraft:damage_dealt":2077,"minecraft:swim_one_cm":5962,"minecraft:talked_to_villager":3,"minecraft:fly_one_cm":82505,"minecraft:open_chest":9,"minecraft:crouch_one_cm":2555,"minecraft:play_time":33629,"minecraft:sneak_time":1690,"minecraft:walk_under_water_one_cm":226,"minecraft:jump":567,"minecraft:walk_on_water_one_cm":748,"minecraft:total_world_time":33629,"minecraft:fall_one_cm":12732},"minecraft:dropped":{"minecraft:gravel":61,"minecraft:iron_sword":1,"minecraft:wheat_seeds":11,"minecraft:cobblestone":1,"minecraft:poppy":1,"minecraft:dirt":1,"minecraft:gunpowder":2,"minecraft:torch":3,"minecraft:oak_sapling":2,"minecraft:wooden_sword":1,"minecraft:stone_pickaxe":1,"minecraft:wooden_pickaxe":3,"minecraft:white_wool":1,"minecraft:dandelion":7},"minecraft:crafted":{"minecraft:cooked_beef":13,"minecraft:wooden_sword":1,"minecraft:oak_planks":172,"minecraft:stone_shovel":1,"minecraft:crafting_table":1,"minecraft:wooden_pickaxe":1,"minecraft:iron_sword":2,"minecraft:furnace":1,"minecraft:copper_ingot":4,"minecraft:stone_axe":1,"minecraft:air":0,"minecraft:shield":1,"minecraft:stick":16,"minecraft:iron_pickaxe":1,"minecraft:stone_pickaxe":1},"minecraft:picked_up":{"minecraft:crafting_table":1,"minecraft:wooden_pickaxe":2,"minecraft:flint":10,"minecraft:oak_log":43,"minecraft:yellow_bed":1,"minecraft:gunpowder":2,"minecraft:dirt":7,"minecraft:raw_copper":24,"minecraft:wheat_seeds":11,"minecraft:iron_ingot":8,"minecraft:poppy":1,"minecraft:chest":2,"minecraft:oak_planks":37,"minecraft:furnace":1,"minecraft:book":24,"minecraft:raw_iron":1,"minecraft:torch":14,"minecraft:dandelion":7,"minecraft:gravel":61,"minecraft:white_bed":5,"minecraft:oak_sapling":2,"minecraft:mutton":4,"minecraft:coal":7,"minecraft:white_wool":5,"minecraft:cobblestone":161},"minecraft:killed":{"minecraft:iron_golem":2,"minecraft:creeper":1,"minecraft:sheep":3,"minecraft:villager":1}},"DataVersion":3953}