{"stats":{"minecraft:mined":{"minecraft:short_grass":1,"minecraft:oak_planks":1,"minecraft:glow_lichen":2},"minecraft:killed_by":{"minecraft:skeleton":1},"minecraft:used":{"minecraft:carrot":3,"minecraft:leather_helmet":1,"minecraft:leather_chestplate":1},"minecraft:custom":{"minecraft:time_since_rest":3183,"minecraft:open_chest":11,"minecraft:crouch_one_cm":8,"minecraft:interact_with_furnace":1,"minecraft:sprint_one_cm":40459,"minecraft:play_time":47286,"minecraft:deaths":1,"minecraft:damage_taken":458,"minecraft:walk_one_cm":54766,"minecraft:sneak_time":147,"minecraft:walk_under_water_one_cm":5140,"minecraft:drop":4,"minecraft:jump":315,"minecraft:damage_dealt":19,"minecraft:leave_game":1,"minecraft:walk_on_water_one_cm":9147,"minecraft:time_since_death":3152,"minecraft:total_world_time":47286,"minecraft:swim_one_cm":23986,"minecraft:interact_with_crafting_table":1,"minecraft:fall_one_cm":13097,"minecraft:fly_one_cm":59879},"minecraft:dropped":{"minecraft:carrot":4},"minecraft:picked_up":{"minecraft:leather_chestplate":1,"minecraft:coast_armor_trim_smithing_template":2,"minecraft:suspicious_stew":1,"minecraft:carrot":8,"minecraft:leather_helmet":1}},"DataVersion":3953}