{"stats":{"minecraft:mined":{"minecraft:short_grass":1,"minecraft:oak_planks":1},"minecraft:custom":{"minecraft:jump":194,"minecraft:open_chest":4,"minecraft:time_since_rest":35286,"minecraft:crouch_one_cm":6,"minecraft:damage_dealt":19,"minecraft:damage_taken":51,"minecraft:leave_game":1,"minecraft:play_time":35286,"minecraft:sprint_one_cm":25393,"minecraft:time_since_death":35286,"minecraft:walk_on_water_one_cm":9147,"minecraft:walk_one_cm":27765,"minecraft:sneak_time":138,"minecraft:total_world_time":35286,"minecraft:walk_under_water_one_cm":5140,"minecraft:swim_one_cm":23986,"minecraft:fall_one_cm":8708,"minecraft:fly_one_cm":36997}},"DataVersion":3953}