{"stats":{"minecraft:mined":{"minecraft:grass_block":1,"minecraft:short_grass":5,"minecraft:tall_grass":13,"minecraft:oak_planks":1,"minecraft:glow_lichen":2},"minecraft:killed_by":{"minecraft:skeleton":1},"minecraft:used":{"minecraft:dirt":1,"minecraft:suspicious_stew":1,"minecraft:carrot":7,"minecraft:leather_helmet":1,"minecraft:leather_chestplate":1},"minecraft:custom":{"minecraft:time_since_rest":3451,"minecraft:open_chest":11,"minecraft:crouch_one_cm":295,"minecraft:interact_with_furnace":6,"minecraft:sprint_one_cm":65647,"minecraft:play_time":59851,"minecraft:deaths":2,"minecraft:damage_taken":704,"minecraft:walk_one_cm":83493,"minecraft:bell_ring":7,"minecraft:sneak_time":942,"minecraft:walk_under_water_one_cm":5140,"minecraft:drop":8,"minecraft:jump":604,"minecraft:damage_dealt":29,"minecraft:leave_game":2,"minecraft:walk_on_water_one_cm":9147,"minecraft:time_since_death":3892,"minecraft:sleep_in_bed":1,"minecraft:total_world_time":59851,"minecraft:swim_one_cm":23986,"minecraft:interact_with_crafting_table":1,"minecraft:fall_one_cm":18300,"minecraft:fly_one_cm":86412},"minecraft:dropped":{"minecraft:wheat_seeds":1,"minecraft:carrot":7},"minecraft:picked_up":{"minecraft:leather_chestplate":1,"minecraft:coast_armor_trim_smithing_template":2,"minecraft:suspicious_stew":1,"minecraft:wheat_seeds":1,"minecraft:carrot":8,"minecraft:dirt":1,"minecraft:leather_helmet":1}},"DataVersion":3953}