{"stats":{"minecraft:mined":{"minecraft:short_grass":1,"minecraft:oak_planks":1},"minecraft:custom":{"minecraft:jump":68,"minecraft:open_chest":1,"minecraft:time_since_rest":16493,"minecraft:damage_dealt":9,"minecraft:sprint_one_cm":8702,"minecraft:play_time":16493,"minecraft:walk_on_water_one_cm":8133,"minecraft:time_since_death":16493,"minecraft:walk_one_cm":8064,"minecraft:sneak_time":58,"minecraft:total_world_time":16493,"minecraft:walk_under_water_one_cm":4948,"minecraft:swim_one_cm":12849,"minecraft:fall_one_cm":1908,"minecraft:fly_one_cm":6217}},"DataVersion":3953}