{"stats":{"minecraft:mined":{"minecraft:short_grass":1,"minecraft:oak_planks":1},"minecraft:custom":{"minecraft:jump":83,"minecraft:open_chest":1,"minecraft:time_since_rest":23286,"minecraft:damage_dealt":9,"minecraft:leave_game":1,"minecraft:play_time":23286,"minecraft:sprint_one_cm":9789,"minecraft:time_since_death":23286,"minecraft:walk_on_water_one_cm":8816,"minecraft:walk_one_cm":13963,"minecraft:sneak_time":68,"minecraft:total_world_time":23286,"minecraft:walk_under_water_one_cm":5090,"minecraft:swim_one_cm":16392,"minecraft:fall_one_cm":2117,"minecraft:fly_one_cm":7877}},"DataVersion":3953}