{"stats":{"minecraft:mined":{"minecraft:birch_log":4,"minecraft:birch_leaves":5,"minecraft:dandelion":11,"minecraft:crafting_table":1,"minecraft:azure_bluet":1,"minecraft:glow_lichen":1,"minecraft:short_grass":18,"minecraft:grass_block":14,"minecraft:poppy":1,"minecraft:dirt_path":2,"minecraft:dirt":17,"minecraft:copper_ore":7,"minecraft:cobblestone":1,"minecraft:stone":134,"minecraft:white_wool":7},"minecraft:broken":{"minecraft:stone_pickaxe":1},"minecraft:killed_by":{"minecraft:iron_golem":1,"minecraft:spider":1},"minecraft:used":{"minecraft:cooked_mutton":1,"minecraft:chicken":1,"minecraft:stone_pickaxe":131,"minecraft:wooden_pickaxe":13,"minecraft:iron_sword":20,"minecraft:white_wool":3,"minecraft:wooden_sword":23,"minecraft:cobblestone":4,"minecraft:cooked_beef":5},"minecraft:custom":{"minecraft:time_since_rest":1027,"minecraft:sprint_one_cm":506,"minecraft:damage_taken":1076,"minecraft:walk_one_cm":122042,"minecraft:mob_kills":3,"minecraft:drop":3,"minecraft:damage_dealt":582,"minecraft:swim_one_cm":1759,"minecraft:fly_one_cm":2337,"minecraft:play_time":48638,"minecraft:deaths":2,"minecraft:walk_under_water_one_cm":1361,"minecraft:jump":290,"minecraft:walk_on_water_one_cm":2560,"minecraft:time_since_death":960,"minecraft:sleep_in_bed":2,"minecraft:total_world_time":48638,"minecraft:fall_one_cm":9461,"minecraft:horse_one_cm":1912},"minecraft:dropped":{"minecraft:rotten_flesh":1,"minecraft:wooden_sword":1,"minecraft:wooden_pickaxe":1},"minecraft:picked_up":{"minecraft:birch_log":4,"minecraft:crafting_table":1,"minecraft:cooked_beef":5,"minecraft:chicken":1,"minecraft:torch":4,"minecraft:wooden_pickaxe":2,"minecraft:dandelion":5,"minecraft:gravel":59,"minecraft:diorite":1,"minecraft:white_bed":1,"minecraft:dirt":31,"minecraft:raw_copper":65,"minecraft:wooden_sword":3,"minecraft:cooked_mutton":2,"minecraft:rotten_flesh":1,"minecraft:diamond":1,"minecraft:wheat_seeds":4,"minecraft:cobbled_deepslate":7,"minecraft:raw_gold":3,"minecraft:stone_pickaxe":1,"minecraft:poppy":1,"minecraft:birch_sapling":1,"minecraft:iron_sword":1,"minecraft:white_wool":6,"minecraft:cobblestone":148},"minecraft:killed":{"minecraft:donkey":2,"minecraft:chicken":1}},"DataVersion":3953}