{"stats":{"minecraft:mined":{"minecraft:poppy":1,"minecraft:short_grass":15,"minecraft:grass_block":13,"minecraft:dirt_path":2,"minecraft:dirt":16,"minecraft:stone":1,"minecraft:dandelion":11,"minecraft:white_wool":3,"minecraft:crafting_table":1,"minecraft:azure_bluet":1},"minecraft:killed_by":{"minecraft:iron_golem":1},"minecraft:used":{"minecraft:cooked_mutton":1,"minecraft:wooden_sword":23,"minecraft:wooden_pickaxe":1},"minecraft:custom":{"minecraft:time_since_rest":12831,"minecraft:play_time":24638,"minecraft:sprint_one_cm":405,"minecraft:walk_one_cm":69811,"minecraft:damage_taken":360,"minecraft:deaths":1,"minecraft:walk_under_water_one_cm":510,"minecraft:mob_kills":2,"minecraft:drop":1,"minecraft:jump":183,"minecraft:damage_dealt":422,"minecraft:time_since_death":12728,"minecraft:walk_on_water_one_cm":1382,"minecraft:sleep_in_bed":2,"minecraft:total_world_time":24638,"minecraft:swim_one_cm":1759,"minecraft:fall_one_cm":2109,"minecraft:fly_one_cm":1091,"minecraft:horse_one_cm":1912},"minecraft:dropped":{"minecraft:wooden_sword":1},"minecraft:picked_up":{"minecraft:wooden_sword":3,"minecraft:cooked_mutton":2,"minecraft:rotten_flesh":1,"minecraft:dandelion":5,"minecraft:wheat_seeds":4,"minecraft:wooden_pickaxe":1,"minecraft:poppy":1,"minecraft:cobblestone":15,"minecraft:raw_copper":39,"minecraft:white_wool":3,"minecraft:dirt":29,"minecraft:crafting_table":1},"minecraft:killed":{"minecraft:donkey":2}},"DataVersion":3953}