{"stats":{"minecraft:mined":{"minecraft:dandelion":11,"minecraft:crafting_table":1,"minecraft:azure_bluet":1,"minecraft:short_grass":17,"minecraft:grass_block":13,"minecraft:poppy":1,"minecraft:dirt_path":2,"minecraft:dirt":16,"minecraft:copper_ore":7,"minecraft:cobblestone":1,"minecraft:stone":134,"minecraft:white_wool":7},"minecraft:broken":{"minecraft:stone_pickaxe":1},"minecraft:killed_by":{"minecraft:iron_golem":1},"minecraft:used":{"minecraft:cooked_mutton":1,"minecraft:stone_pickaxe":131,"minecraft:wooden_pickaxe":12,"minecraft:iron_sword":8,"minecraft:white_wool":3,"minecraft:wooden_sword":23,"minecraft:cobblestone":4},"minecraft:custom":{"minecraft:time_since_rest":24831,"minecraft:sprint_one_cm":506,"minecraft:damage_taken":370,"minecraft:walk_one_cm":87671,"minecraft:mob_kills":3,"minecraft:drop":2,"minecraft:damage_dealt":462,"minecraft:swim_one_cm":1759,"minecraft:fly_one_cm":1435,"minecraft:play_time":36638,"minecraft:deaths":1,"minecraft:walk_under_water_one_cm":510,"minecraft:jump":223,"minecraft:walk_on_water_one_cm":1382,"minecraft:time_since_death":24728,"minecraft:sleep_in_bed":2,"minecraft:total_world_time":36638,"minecraft:fall_one_cm":2109,"minecraft:horse_one_cm":1912},"minecraft:dropped":{"minecraft:wooden_sword":1,"minecraft:wooden_pickaxe":1},"minecraft:picked_up":{"minecraft:crafting_table":1,"minecraft:chicken":1,"minecraft:torch":3,"minecraft:wooden_pickaxe":2,"minecraft:dandelion":5,"minecraft:gravel":59,"minecraft:white_bed":1,"minecraft:dirt":29,"minecraft:raw_copper":65,"minecraft:wooden_sword":3,"minecraft:cooked_mutton":2,"minecraft:rotten_flesh":1,"minecraft:wheat_seeds":4,"minecraft:stone_pickaxe":1,"minecraft:poppy":1,"minecraft:iron_sword":1,"minecraft:white_wool":6,"minecraft:cobblestone":148},"minecraft:killed":{"minecraft:donkey":2,"minecraft:chicken":1}},"DataVersion":3953}