{"stats":{"minecraft:mined":{"minecraft:glass_pane":2,"minecraft:birch_log":4,"minecraft:birch_leaves":5,"minecraft:dandelion":14,"minecraft:cornflower":4,"minecraft:oak_fence":8,"minecraft:yellow_bed":2,"minecraft:crafting_table":1,"minecraft:azure_bluet":1,"minecraft:glow_lichen":1,"minecraft:short_grass":26,"minecraft:grass_block":24,"minecraft:poppy":2,"minecraft:dirt_path":2,"minecraft:dirt":18,"minecraft:copper_ore":7,"minecraft:cobblestone":1,"minecraft:stone":134,"minecraft:oak_planks":13,"minecraft:white_wool":7,"minecraft:oxeye_daisy":2},"minecraft:broken":{"minecraft:stone_pickaxe":1},"minecraft:killed_by":{"minecraft:iron_golem":1,"minecraft:spider":1,"minecraft:zombie":1},"minecraft:used":{"minecraft:oak_fence":2,"minecraft:cooked_mutton":1,"minecraft:chicken":1,"minecraft:stone_pickaxe":131,"minecraft:oak_planks":10,"minecraft:wooden_pickaxe":13,"minecraft:iron_sword":20,"minecraft:white_wool":3,"minecraft:wooden_sword":23,"minecraft:cobblestone":4,"minecraft:yellow_bed":2,"minecraft:cooked_beef":5},"minecraft:custom":{"minecraft:time_since_rest":11880,"minecraft:sprint_one_cm":1217,"minecraft:damage_taken":1646,"minecraft:walk_one_cm":181675,"minecraft:mob_kills":3,"minecraft:drop":4,"minecraft:damage_dealt":612,"minecraft:talked_to_villager":1,"minecraft:swim_one_cm":1759,"minecraft:fly_one_cm":3861,"minecraft:play_time":66652,"minecraft:deaths":4,"minecraft:walk_under_water_one_cm":1622,"minecraft:jump":452,"minecraft:leave_game":1,"minecraft:walk_on_water_one_cm":3972,"minecraft:time_since_death":11707,"minecraft:sleep_in_bed":3,"minecraft:total_world_time":66652,"minecraft:fall_one_cm":11844,"minecraft:horse_one_cm":1912},"minecraft:dropped":{"minecraft:rotten_flesh":1,"minecraft:wooden_sword":1,"minecraft:oak_planks":1,"minecraft:wooden_pickaxe":1},"minecraft:picked_up":{"minecraft:birch_log":4,"minecraft:crafting_table":1,"minecraft:cooked_beef":5,"minecraft:chicken":1,"minecraft:oak_fence":8,"minecraft:torch":6,"minecraft:wooden_pickaxe":2,"minecraft:dandelion":8,"minecraft:gravel":59,"minecraft:yellow_bed":2,"minecraft:diorite":1,"minecraft:white_bed":1,"minecraft:cornflower":4,"minecraft:dirt":40,"minecraft:raw_copper":65,"minecraft:wooden_sword":3,"minecraft:cooked_mutton":2,"minecraft:rotten_flesh":1,"minecraft:diamond":1,"minecraft:wheat_seeds":4,"minecraft:cobbled_deepslate":7,"minecraft:raw_gold":3,"minecraft:stone_pickaxe":1,"minecraft:poppy":1,"minecraft:oak_planks":14,"minecraft:birch_sapling":1,"minecraft:iron_sword":1,"minecraft:oxeye_daisy":2,"minecraft:white_wool":6,"minecraft:cobblestone":148},"minecraft:killed":{"minecraft:donkey":2,"minecraft:chicken":1}},"DataVersion":3953}