{"stats":{"minecraft:mined":{"minecraft:short_grass":8,"minecraft:grass_block":13,"minecraft:dirt_path":2,"minecraft:dirt":16},"minecraft:killed_by":{"minecraft:iron_golem":1},"minecraft:custom":{"minecraft:jump":118,"minecraft:time_since_rest":831,"minecraft:deaths":1,"minecraft:damage_dealt":32,"minecraft:walk_on_water_one_cm":1382,"minecraft:sprint_one_cm":37,"minecraft:play_time":12638,"minecraft:damage_taken":256,"minecraft:time_since_death":728,"minecraft:walk_one_cm":38224,"minecraft:sleep_in_bed":2,"minecraft:total_world_time":12638,"minecraft:walk_under_water_one_cm":510,"minecraft:swim_one_cm":1759,"minecraft:fall_one_cm":766,"minecraft:fly_one_cm":779},"minecraft:picked_up":{"minecraft:rotten_flesh":1,"minecraft:wheat_seeds":2,"minecraft:dirt":27}},"DataVersion":3953}